Rank,CellID,EnvelopeAspectRatio,R2,SigmaC,OffsetMag,LongAxis,ShortAxis,DSI,OSI,F1F0,DataOriDeg,FftDeg,EnvDeg,OffsetDeg
1,646,1.01683114799769,0.660538618137836,3.83780902906641,0.129189463510212,7.80480752164303,7.67561805813282,1,0.996172013162902,0.615719491055656,0,94.5335804046351,94.5335804046351,NaN
2,126,1.03217530284768,0.85324327541234,2.46978054425313,0.158931873957299,5.09849296246357,4.93956108850627,NaN,NaN,0.439449982919711,0,101.567658431988,101.567658431988,NaN
3,744,1.06285400781028,0.74336338799533,3.17832718292253,0.399541203158069,6.75619556900314,6.35665436584507,0.167472344431771,0.702664539882098,0.398193509875583,90,88.6851577769195,88.6851577769195,NaN
4,1608,1.06530632389519,0.573915353541937,1.60879601709958,0.210129107548,3.42772114174716,3.21759203419916,0.188155459592844,0.997058305885903,1.49816609003388,120,42.2151511012429,42.2151511012429,NaN
5,362,1.06672408155769,0.408958551060612,3.2476239626726,0.433389452308168,6.92863737765336,6.49524792534519,0.235466793546788,0.187354279928681,0.1508727454474,60,136.732756887611,136.732756887611,NaN
6,771,1.07282838310887,0.87388524629151,5.09413765131385,0.741995616958363,10.9302709195861,10.1882753026277,0.32887280483954,0.209387845197213,0.194844198409186,150,78.0580859705447,78.0580859705447,NaN
7,244,1.07341144295048,0.613886726244915,3.81485699109791,0.560108312732423,8.18982229492824,7.62971398219582,0.216474555818484,0.815141869143416,0.259443591261932,90,90.214111559551,90.214111559551,NaN
8,615,1.07790515164124,0.914204730262712,2.97204441407306,0.463075141525751,6.40716396967186,5.94408882814611,0.399077451570634,0.64708594337821,0.728872500772882,0,96.6697665227462,96.6697665227462,NaN
9,1440,1.08442444245036,0.634661429530732,3.39733838530998,0.573636797989998,7.36831356860997,6.79467677061997,0.68607588097843,1,0.287495555533532,0,102.109835080918,102.109835080918,NaN
10,1252,1.08800087340241,0.782459430966854,2.2017803272051,0.387517183668576,4.79107783807878,4.4035606544102,0.397287848289014,0.529513257511239,0.783640891946217,60,103.732827132413,103.732827132413,NaN
11,1619,1.10215676321283,0.833728776439555,1.75396905195666,0.358359602246731,3.86629770616005,3.50793810391332,0.680786344098039,0.826678901865554,1.4404843554945,90,84.7955337084169,84.7955337084169,NaN
12,131,1.10298597020675,0.921513303794646,2.69082171854715,0.554233770675923,5.93587720777022,5.38164343709429,0.472965409157058,0.963179005051269,0.433693331369471,30,3.89392058068249,3.89392058068249,NaN
13,1566,1.10382051858906,0.841417457494218,2.9586245760167,0.614331875584773,6.53158102761817,5.9172491520334,0.402754590984975,0.97309909415317,1.11006501160073,60,55.969678234201,55.969678234201,NaN
14,358,1.10388621538281,0.888478109709177,2.28964196628275,0.475724476917523,5.05500840948302,4.5792839325655,0.163194358788491,0.246991217259488,0.725239929026661,60,71.2527124698688,71.2527124698688,NaN
15,231,1.10466776286939,0.674128135869262,2.83319041871547,0.593087405819853,6.2594682432508,5.66638083743095,0.00468035076420761,1,1.10297185034748,90,80.5160749251837,80.5160749251837,NaN
16,801,1.10537602080656,0.809059446337195,3.29418661215195,0.694256553965622,7.28262977826952,6.5883732243039,0.760143085757319,1,1.30517653383849,30,58.1710277748861,58.1710277748861,NaN
17,1618,1.10766927136142,0.560375881472939,3.11813370041275,0.671454367061853,6.90772176788736,6.23626740082551,0.900946655660263,0.473117045786903,1.05090011354247,30,66.2258320217522,66.2258320217522,NaN
18,1235,1.11400889393666,0.927513161669907,2.71783950333544,0.619715751345252,6.05539475801613,5.43567900667088,0.322393940009342,0.3545024220376,0.510111621302275,60,111.892725330129,111.892725330129,NaN
19,776,1.1178342822636,0.866567254986652,2.47532510225784,0.583356313587237,5.53400651810293,4.95065020451569,0.0728604346268005,0.126876328908141,0.37221364477873,120,78.7324049016571,78.7324049016571,NaN
20,60,1.12180018745261,0.874815519940353,5.28642159538293,1.28777428254237,11.8606174733082,10.5728431907659,NaN,NaN,0.299216465157033,0,48.2657573283835,48.2657573283835,82.4155494726692
21,1575,1.12383755048609,0.457604859020821,2.96706712228387,0.734868649102885,6.66900289367062,5.93413424456773,0.465760057259542,0.101582223209768,0.32125467467454,90,49.5250030714816,49.5250030714816,NaN
22,135,1.1240196558559,0.849525666657326,1.77060246729718,0.439179017303591,3.98038395189795,3.54120493459436,0.543664455000496,0.99535155346016,1.39139804879178,90,90.8411583104103,90.8411583104103,NaN
23,1762,1.12578822184905,0.690502636042461,2.8382067751158,0.714025966963473,6.39043951719508,5.67641355023161,0.0385346928566855,0.919943410360406,0.165384982035987,0,88.1751282619418,88.1751282619418,NaN
24,1517,1.12818038184749,0.946957845483531,4.68124210852077,1.20008680198148,10.562571019023,9.36248421704154,1,1,0.858692995849257,120,89.3170031900648,89.3170031900648,88.0267518596708
25,1450,1.12850760271488,0.843635074654416,2.78097499909439,0.714752860687259,6.27670285887604,5.56194999818878,0.064111850219057,0.190771617694256,0.475565904015354,90,152.908524239007,152.908524239007,NaN
26,1588,1.12856885747786,0.869039898303797,2.57489236920212,0.662101940073545,5.81188667847778,5.14978473840423,NaN,NaN,0.396347990160282,0,74.891258775173,74.891258775173,NaN
27,793,1.13878646607561,0.566226586426613,3.07325933602453,0.853053605161425,6.99957227721048,6.14651867204905,0.639960245859099,0.949417232772556,0.227992005160236,0,126.150334144972,126.150334144972,NaN
28,329,1.14113502783542,0.835935992361701,5.83600733829496,1.64733011627596,13.3193447928659,11.6720146765899,1,1,0.25818803880531,90,117.548305731322,117.548305731322,62.1381405733814
29,132,1.14277215216129,0.959237035375801,2.99337743957115,0.854741878557237,6.84149675769954,5.9867548791423,0.398849167072085,1,0.132215941280472,90,91.3021178685997,91.3021178685997,NaN
30,118,1.14846482584614,0.925391476449302,2.58255347456349,0.766836703678818,5.93194365280579,5.16510694912697,NaN,NaN,0.543186253845517,0,93.3258252826456,93.3258252826456,NaN
31,1431,1.14857038611037,0.69993632687161,6.12339446241425,1.81951015917401,14.0662990840025,12.2467889248285,0.182223980110747,0.506842317099601,0.43759953609353,30,95.6688107513239,95.6688107513239,175.098250785131
32,1455,1.14996856969356,0.617799592781537,5.48053131826672,1.64381488592246,12.6048775224559,10.9610626365334,0.325299607154105,0.889991720981861,1.07719058934452,120,115.701827423537,115.701827423537,112.368994812258
33,1581,1.15254089698178,0.709484067689599,2.27159701961985,0.693022893907918,5.23621693314761,4.54319403923969,0.208415257569799,0.248365132576722,1.23163084778487,120,86.8499591618078,86.8499591618078,NaN
34,250,1.15312064678029,0.851570882359093,1.74774958493507,0.535233093710468,4.03073226358061,3.49549916987014,0.766317232182546,1,1.24085784565666,60,83.9154461450509,83.9154461450509,NaN
35,1821,1.15360403483569,0.639426957001878,4.44599153972877,1.36584447869533,10.2578275581529,8.89198307945754,0.368429738427263,0.774439871534111,0.896871866492604,150,146.219019548037,146.219019548037,106.074607092879
36,1095,1.15447244728652,0.805405976996992,3.75854601815375,1.16118360332645,8.67827563963396,7.51709203630751,0.471919970332582,1,0.269287948363809,30,46.9198363882773,46.9198363882773,65.0213964416484
37,1248,1.1550409711901,0.805237200782089,3.93641881992043,1.22061239370293,9.09345003354378,7.87283763984085,0.563953897795827,0.534013286480318,0.10210537102235,120,96.6645214019111,96.6645214019111,71.6701868922735
38,1593,1.158283221491,0.83091207540999,4.02665033154626,1.27470237258987,9.3280030356824,8.05330066309253,0.334068053450889,0.351069135266311,1.44724993267378,60,92.3181414349801,92.3181414349801,95.0525246958622
39,331,1.15985233337004,0.882181564226964,2.62005835670305,0.837644883769288,6.07776159717538,5.24011671340609,0.256001013363734,0.277466936362222,0.207757733666849,90,145.00897298823,145.00897298823,NaN
40,614,1.16061101127189,0.758887687103101,3.84588220967237,1.2353820618561,8.92714648120084,7.69176441934473,0.160886155248021,0.504362270760649,1.07359817020936,30,48.6688609566964,48.6688609566964,49.0594541642783
41,1015,1.16204049148039,0.909891529264211,3.42645706211509,1.11044957276317,7.96336369699335,6.85291412423018,0.880471358080519,0.382913973771726,0.823510466590073,30,84.8267622003522,84.8267622003522,70.2413003014319
42,632,1.16256434150703,0.797075994231425,3.51397997509623,1.14249568144084,8.1704556316333,7.02795995019246,0.328894768210958,0.984622930009809,0.349134017408429,150,88.5821697519711,88.5821697519711,102.886057012612
43,798,1.16296671955176,0.766219255622129,3.21382630357191,1.04749345980456,7.47514606694837,6.42765260714382,0.23223880135809,0.941312385597019,0.416010910676489,0,133.922601301062,133.922601301062,54.5306737936503
44,912,1.16801923530039,0.718779818432866,2.7123077823564,0.911439758981629,6.33605532369443,5.4246155647128,0.0562529218750683,0.898498857725283,1.20669542792277,120,104.140341132146,104.140341132146,NaN
45,743,1.17021260568853,0.871703846405002,2.95767720840532,1.00686788885652,6.92222230566715,5.91535441681063,0.000538874187965461,0.408962485183084,0.401953748633624,0,104.829923836343,104.829923836343,46.6216544623792
46,1808,1.17178466724292,0.912737783953144,2.70185145076021,0.928273304817263,6.33197620633769,5.40370290152043,NaN,NaN,0.322314544049647,0,88.6366168759817,88.6366168759817,NaN
47,599,1.17181307577934,0.935130613649968,3.17936889301333,1.09251429709157,7.45125208311823,6.35873778602666,0.160920751821753,0.0977850205983782,0.449367759114249,30,68.2996606174825,68.2996606174825,131.072736240541
48,1672,1.17290803088923,0.75998104816538,3.34702734098982,1.15745581372595,7.85151049570559,6.69405468197964,0.059758048578886,0.807939461543825,1.50051289547594,90,92.3646822533477,92.3646822533477,70.4850931443927
49,1532,1.17495823093056,0.811501304052595,3.78691423108237,1.32510362911183,8.89893209127658,7.57382846216475,0.982209043736101,0.971224638902939,1.42453345945129,60,103.614402834725,103.614402834725,75.798293876011
50,1612,1.17661961339391,0.836365913536975,2.94249739262249,1.03940550379516,6.92440028904013,5.88499478524497,1,0.899457861015278,1.64799872596301,120,93.1412645808997,93.1412645808997,114.698349828056
51,1078,1.17691044308151,0.886541463733332,2.85686736520903,1.01081934280846,6.72455407322652,5.71373473041806,0.866583289248541,0.685687026157766,1.2854060846743,60,80.7328511138525,80.7328511138525,40.3484510777252
52,446,1.17726194625945,0.80540430937472,4.06007812807569,1.43939470189627,9.55955095804764,8.12015625615138,0.87476743987574,0.155438976590163,0.418316858323507,150,85.4144753124796,85.4144753124796,80.0868909211357
53,469,1.17934442908216,0.855767654211465,3.96962349282513,1.42385971798372,9.36310670363399,7.93924698565027,0.6577033373509,0.748038442377947,1.38124411258787,30,63.5762608318372,63.5762608318372,3.23841219758705
54,1856,1.18074759438434,0.842070944969474,4.11705255052159,1.48829468892138,9.72239978996455,8.23410510104317,0.944410487022201,0.943672095535337,0.221724947289277,30,57.8294425994235,57.8294425994235,123.037322462188
55,919,1.18264997577259,0.818534725584609,2.41161136868719,0.880961516127225,5.70418425350161,4.82322273737439,0.771188589176,0.885338676458744,1.30058917011358,0,12.8190636046937,12.8190636046937,NaN
56,659,1.18551050769675,0.809657626753401,3.06699582493689,1.13791990517569,7.27191155504947,6.13399164987378,0.151699029126213,1,0.95671981249897,90,106.683423830583,106.683423830583,74.8752284186988
57,1587,1.18610275836411,0.860204942420434,5.76135144215246,2.14440679057923,13.6671096748842,11.5227028843049,0.0878368006849545,0.572432340505077,0.330415192676456,90,111.602677438306,111.602677438306,38.8260188533892
58,637,1.18637016638013,0.72561421745891,2.71730787170138,1.01285024031006,6.44746598371282,5.43461574340276,0.293255131964809,0.297183992894678,0.337431200540401,90,73.6868430033891,73.6868430033891,100.86659979014
59,783,1.18661594781139,0.626990368071651,3.84996755494415,1.43693068861801,9.13686579850632,7.69993510988831,0.105178535539626,0.865829098619249,0.880446176398457,60,84.9221561886721,84.9221561886721,101.888769602574
60,1810,1.18890640659504,0.681919284279442,2.59482015223561,0.980356301438434,6.16999660590966,5.18964030447123,NaN,NaN,0.329302944250894,0,102.057937161882,102.057937161882,NaN
61,621,1.19463886883212,0.865356072735894,5.13389633946964,1.99851155243142,12.2663042313707,10.2677926789393,NaN,NaN,0.793475482882281,0,79.365501904994,79.365501904994,59.5967068482506
62,1341,1.19564933551811,0.87196201484535,3.39793781259626,1.32960855033263,8.12548417552514,6.79587562519251,NaN,NaN,0.354365569860988,0,0.119495104701855,0.119495104701855,90.6372108312274
63,230,1.19656413978619,0.960347764707872,3.71537854396498,1.46062037494906,8.89137746287902,7.43075708792996,1,0.256209610518171,0.426151499205499,120,113.388167193673,113.388167193673,101.512324786562
64,1438,1.19890063645141,0.812345869414602,2.53815576167633,1.0096815928205,6.08599311617316,5.07631152335267,0.30899194920059,0.356217801553215,0.124574787903864,120,127.778678705661,127.778678705661,66.5168043291666
65,81,1.20012484851924,0.833910464554918,3.61322991228705,1.44619417772323,8.67265400229734,7.2264598245741,0.212110562583409,0.382159216825867,0.233528913428427,90,53.3428147785541,53.3428147785541,163.576778140707
66,328,1.20060656685495,0.704335556841696,3.44161349371312,1.38082053483089,8.26404752225713,6.88322698742624,0.667059721686811,1,0.158459430505494,0,142.368485320884,142.368485320884,177.000428824073
67,1546,1.20074794585541,0.754366810911129,3.32230632084329,1.33389233882346,7.97850498051005,6.64461264168659,1,0.0500561006108734,0.450413978798531,0,132.791938193248,132.791938193248,55.3963294763571
68,775,1.2008758306951,0.637797357311982,4.42357369582087,1.77717808157799,10.6243254732197,8.84714739164175,0.225196825160181,0.837304242158571,0.285985894346829,150,141.626257963468,141.626257963468,66.6365289645534
69,1596,1.20123013028256,0.698931707376523,2.42964917011078,0.977837238084632,5.83713557830618,4.85929834022155,1,1,0.287251394974415,0,74.394990851403,74.394990851403,NaN
70,1422,1.20338642141774,0.916515109284571,3.96097641216642,1.61121763558123,9.53317045991407,7.92195282433284,0.0622451169778923,0.572418822663098,1.07898386290685,60,77.3203678046776,77.3203678046776,2.09858851431337
71,1592,1.20348377126574,0.78638466067385,2.8184834999956,1.14703130365874,6.78399830364993,5.63696699999119,1,1,1.06414138710626,90,83.7143650875003,83.7143650875003,111.897651441471
72,1845,1.20351460428015,0.781103095593211,2.81720198963777,1.14668349619679,6.78108747547232,5.63440397927553,0.858153099674805,1,1.25299316796768,90,89.7033349577751,89.7033349577751,79.3125554133472
73,890,1.20386209814339,0.788507634980974,2.98340256079222,1.2164054112989,7.18321053288334,5.96680512158444,0.177510951806697,0.241034150797157,0.967717951441197,60,49.586711683254,49.586711683254,111.189362617733
74,1644,1.20545293982029,0.715446381797271,3.02377252971704,1.2424859111564,7.29003097059049,6.04754505943408,0.181540115438269,1,0.457592975015812,120,93.1816501082588,93.1816501082588,83.7809623787507
75,479,1.20557147904676,0.807542104175557,3.30507024544708,1.35885635741995,7.9689968483141,6.61014049089415,0.984929531606121,0.306833048203683,0.428605731005912,120,98.2878861420879,98.2878861420879,55.7917885708607
76,1329,1.20635211958937,0.766872639493499,3.13392628590599,1.29338466346711,7.5612372352791,6.26785257181199,NaN,NaN,0.10193487756596,0,62.5674459730838,62.5674459730838,93.7584187750115
77,1330,1.20715542354544,0.730048612384506,3.50853682747613,1.45362486504121,8.47069851999347,7.01707365495226,1,0.423341576174605,0.850243840613067,120,173.943720559709,173.943720559709,150.020467292535
78,1334,1.20972322541452,0.733107318797591,3.47717929034684,1.45849051223224,8.41284909292591,6.95435858069367,1,1,0.118473237410928,90,94.362452910632,94.362452910632,46.3110696159161
79,123,1.21095184023332,0.77348808147325,3.35276138959873,1.41454236999813,8.12006514919559,6.70552277919746,0.264580741286884,1,0.991726458456369,90,99.6667283529003,99.6667283529003,19.8913439776815
80,748,1.2119048175713,0.646152130002918,4.62758161111972,1.96121367420126,11.2163768964407,9.25516322223945,NaN,NaN,0.237776947997587,0,98.1098477762975,98.1098477762975,129.76980427088
81,1836,1.21256873099126,0.852891637701163,2.74239203982025,1.16589359157027,6.65067767121077,5.4847840796405,NaN,NaN,0.496684412415417,0,97.5205808819671,97.5205808819671,94.4216370945986
82,1322,1.21260520071368,0.777870076692601,1.63741746908356,0.696246939333205,3.97108187750031,3.27483493816711,0.586793409708586,0.32129193176774,0.717866433957491,90,74.426626233686,74.426626233686,NaN
83,1865,1.21279015481511,0.684856301073275,3.95459046211422,1.68299583332731,9.59217675755576,7.90918092422845,0.407412530582957,0.668678169290869,1.61317562108789,60,103.713147103061,103.713147103061,150.649257400812
84,1831,1.21327994392192,0.665642930208111,4.36251393917514,1.86087345661172,10.585901334962,8.72502787835028,NaN,NaN,0.498911494867685,0,66.5431132593658,66.5431132593658,110.214971163547
85,127,1.21594869116813,0.599546804153214,2.3626959214861,1.02044218374642,5.74583402671863,4.7253918429722,0.266742338251986,0.991564205767216,0.879069601011708,0,86.8198395822771,86.8198395822771,10.2601331100397
86,378,1.216398404586,0.730689754584672,3.43173883102716,1.4852456159802,8.34872327803452,6.86347766205432,NaN,NaN,0.375822504597546,0,69.69501071494,69.69501071494,170.162578134292
87,657,1.21735750119617,0.883538812289605,2.71881455118549,1.18190947412292,6.61953857649391,5.43762910237099,0.335892514395394,0.494887941139659,1.23479165951286,60,71.9269441280183,71.9269441280183,98.9080826594222
88,600,1.21791679219208,0.770741144931265,5.60995514254093,2.445006858008,13.6649171430899,11.2199102850819,0.838473384580331,0.0688574098834377,0.0544635760149108,120,95.6531513551295,95.6531513551295,3.06919708087458
89,649,1.22022768970846,0.832974428830593,2.73773677636911,1.20585089057931,6.68132444331752,5.47547355273821,0.916894373768142,0.338307457314248,1.58838877050065,150,77.4334570146872,77.4334570146872,110.550313032274
90,115,1.22148936550044,0.781182090251991,3.61701060744047,1.60225876890072,8.83627998378166,7.23402121488094,0.0321403890236501,0.175907504311242,0.229546674852225,120,114.594735862619,114.594735862619,146.350439289922
91,1610,1.22171925725341,0.825822880887829,2.1119188619708,0.936506162911263,5.16034388685285,4.22383772394159,0.61946380063777,1,1.57334087403508,90,102.675401474031,102.675401474031,NaN
92,1839,1.22285690847877,0.767914594833989,3.46195924962823,1.54304307130328,8.46696157055974,6.92391849925646,0.672763549351378,1,0.849588805796004,30,67.3207967066086,67.3207967066086,85.7012957687992
93,1623,1.2243564643727,0.63085124215421,3.93121051929659,1.76398498562826,9.62640602422144,7.86242103859318,0.187618031037031,1,1.23781875543912,120,124.072745540933,124.072745540933,121.162640591696
94,1620,1.22566427871026,0.630779062566877,1.84544356147174,0.83290138040004,4.52378850334351,3.69088712294347,0.975992383983199,0.526751108331134,0.983274990045516,30,63.8052157457403,63.8052157457403,NaN
95,1826,1.22621313978195,0.962351990426853,3.53080692253042,1.59742983981887,8.65904368487971,7.06161384506084,1,1,0.583140592291701,120,105.169442472231,105.169442472231,92.9228225573903
96,1847,1.22744270713881,0.760581030515488,2.72169295144025,1.23805842575238,6.68144432863288,5.4433859028805,0.734353280253017,1,1.38837091466217,90,94.4506335871703,94.4506335871703,78.9145731705
97,1822,1.22747130081111,0.823052193109301,2.73976454923347,1.2464356118606,6.72596471032754,5.47952909846694,0.38658499266316,0.599875368268239,0.350820706868752,90,146.237851756579,146.237851756579,61.7621933413291
98,1430,1.22860755620754,0.762780243742209,4.34653732932503,1.98730255364368,10.6803772122937,8.69307465865007,0.0452403357118638,0.725200991499564,0.194210280322793,90,77.9546025131143,77.9546025131143,103.769815698703
99,1805,1.2297126225636,0.810721434327879,3.36335968020949,1.5452123455312,8.27193170595018,6.72671936041898,0.262378071366835,0.374977842347365,0.996160600224733,120,93.6660625630354,93.6660625630354,101.623938307199
100,870,1.23007776843809,0.779544778442174,3.09190804863589,1.42275860809181,7.60657470536359,6.18381609727178,0.17841139177482,0.842723658227372,1.21836253204037,90,107.435634346188,107.435634346188,78.9724701654902
101,1083,1.23056627785187,0.823269118378415,2.57278845402756,1.18639651509079,6.33197342314592,5.14557690805512,0.751529900153885,0.916583332208425,1.6382338262546,90,92.1019283742367,92.1019283742367,93.2746734459358
102,1820,1.23110551971783,0.68451413844407,4.24411009516723,1.96167453856659,10.449894728901,8.48822019033445,0.0506683844618415,0.352436933168712,0.587080503313753,60,78.6225157169107,78.6225157169107,59.7606084659632
103,1328,1.23176634594991,0.701102698535918,4.2583375715754,1.97387867757047,10.4905538207213,8.51667514315079,0.201938547997449,0.197564746236375,0.162828083520536,90,59.4521890993708,59.4521890993708,14.1798895702368
104,772,1.23372382695323,0.821284664384926,4.11840132451017,1.92513703698757,10.1619396860079,8.23680264902034,NaN,NaN,0.413801679981504,0,74.7354729963555,74.7354729963555,165.055369698564
105,1621,1.23476289223037,0.926857773620622,3.08536564380203,1.44865872425434,7.61939001185839,6.17073128760405,0.309050731795139,0.726266758945951,1.19878165238774,90,145.007727530458,145.007727530458,58.3206178337419
106,779,1.2354069565776,0.825980918693416,2.84150873003373,1.33782184445182,7.02083930451927,5.68301746006745,0.260021900042419,0.727505187148544,1.07359642084687,60,57.5963086285637,57.5963086285637,86.8337542998533
107,664,1.23568681403852,0.846014018774488,2.53978121176572,1.19718588431191,6.27674830784335,5.07956242353144,0.594781273983116,1,1.00889372441145,90,94.6638514864192,94.6638514864192,75.4816253292072
108,470,1.23592221764352,0.770384253723098,4.29909897364825,2.02850592746414,10.6267038747606,8.59819794729649,0.854039253819187,0.993351923011528,0.515330819082668,90,87.2107202270937,87.2107202270937,85.4338307594232
109,1353,1.23737484548548,0.70871927393811,2.2720211812866,1.0786413536953,5.6226837162685,4.54404236257321,0.44321100157402,1,1.29419174486341,90,67.3339596985223,67.3339596985223,138.155820575627
110,1580,1.23833041683129,0.868016732483193,2.67225906383308,1.27376123312906,6.61827936079523,5.34451812766617,0.311167013015422,0.785923025923471,1.33957971424864,150,135.945648975295,135.945648975295,121.392645047772
111,93,1.24540402599905,0.77877983383133,3.3288546642997,1.63382867316972,8.29153800176912,6.65770932859939,0.0735792380123998,0.373547017019511,0.135471826597621,90,89.2647766656045,89.2647766656045,29.9827803812282
112,792,1.24922095041355,0.638809176378072,3.21883576363029,1.60440261647416,8.04207414373474,6.43767152726058,NaN,NaN,0.199990108255977,0,76.7314469654642,76.7314469654642,88.0442747155701
113,1813,1.25200660515403,0.67989643081914,3.03847082618144,1.53142943553111,7.60837108789398,6.07694165236287,NaN,NaN,0.382153297624973,0,95.9881275839344,95.9881275839344,90.7071373633618
114,1842,1.25292782033087,0.817709712318384,2.45497600319537,1.24186345890561,6.15181546529636,4.90995200639075,0.659697554044453,0.675480414092354,1.57724446485033,90,83.4107054313724,83.4107054313724,143.33315979967
115,797,1.25458542879441,0.881144612050949,2.54031529465075,1.29345451712332,6.37408510642481,5.0806305893015,1,1,0.966724847196359,150,71.3630196901608,71.3630196901608,98.6687232548516
116,1347,1.25540644794095,0.74454342253444,2.08150215988888,1.06325814607725,5.22626246585501,4.16300431977777,0.725095279677288,0.867110322241284,1.10489492110861,120,110.563342643358,110.563342643358,106.17095684836
117,654,1.25660636825853,0.785777438273344,3.47479642816827,1.78330978373993,8.73290264007648,6.94959285633655,0.320208038192086,0.908408009633157,0.597435863906742,90,90.6368836646533,90.6368836646533,90.345976317519
118,1255,1.25901412738804,0.7346692011138,2.61292694268044,1.35356998397417,6.57942386933506,5.22585388536089,0.05669005458577,0.287473215133576,0.0229645761404506,90,125.123702928601,125.123702928601,73.5826635725291
119,1860,1.26152624037805,0.711871709602729,4.18049988236161,2.18662083426979,10.547620598993,8.36099976472323,0.338732267351887,1,0.612329362265432,150,116.337004501547,116.337004501547,177.702470003956
120,1510,1.26274449211711,0.747199186221263,1.58609312300089,0.83347446410662,4.0056607101084,3.17218624600178,1,1,0.160186233820611,0,134.055810977224,134.055810977224,NaN
121,1850,1.26278507280858,0.78696007887055,3.53834834067382,1.85965025265216,8.9363469339998,7.07669668134764,0.279557257116864,1,1.35441374380695,150,138.637826752469,138.637826752469,127.945033967899
122,915,1.26372983814462,0.574125247237508,3.28886267875449,1.73474244389559,8.31246780140457,6.57772535750898,0.0561438664985229,0.848876389561151,0.507734461034703,0,22.1379433765279,22.1379433765279,156.28736729499
123,1641,1.26394382651514,0.68944227913127,2.36855087107485,1.25032876041452,5.98743050256422,4.7371017421497,0.250636600951298,0.924714921195144,0.85579340611819,150,141.275697681943,141.275697681943,103.617531818562
124,322,1.26554156168076,0.749359515982186,3.46869993871213,1.84216799745518,8.77956787487945,6.93739987742427,1,1,0.0554353683325361,0,90.9323007345844,90.9323007345844,0.751349003789376
125,647,1.26563322213102,0.767511195125768,3.49495098179858,1.85675018097023,8.84665214456739,6.98990196359716,0.826446280991736,0.296779475274942,1.1899167294601,90,51.1494102517389,51.1494102517389,80.1633315455809
126,766,1.2748466445739,0.688816433826179,3.21421858045102,1.7668343835281,8.19527154443014,6.42843716090204,0.483312983312983,0.350140080584699,0.268760596340152,60,84.574934088806,84.574934088806,138.58281894779
127,1832,1.27502688637055,0.822203901752509,3.21828673982702,1.77023076300449,8.20680424265854,6.43657347965405,0.23207491338925,0.938130516923959,0.914650467005988,150,112.624470883704,112.624470883704,178.453146022671
128,1590,1.27570436224505,0.90055304212248,2.97915365441441,1.64273131664069,7.60103862546952,5.95830730882882,0.580840590685346,0.297111960965317,0.735548758184538,150,98.1141887800616,98.1141887800616,113.66084905507
129,1815,1.2767149734653,0.901057522932157,2.23878591555949,1.23901117043707,5.71658300155604,4.47757183111897,0.253416932950243,0.352644516136159,0.424542470078708,30,5.74395241233384,5.74395241233384,79.9654086980506
130,1597,1.28216109023628,0.871384060137911,2.71604153909465,1.53272248359592,6.96480556178521,5.4320830781893,0.346188593178419,1,1.18088140691576,90,76.8446718595558,76.8446718595558,105.664918521849
131,445,1.28288388531838,0.792376677872107,3.37446302778587,1.90916242432657,8.65808847989831,6.74892605557174,0.491935483870968,0.506157097949596,0.0565625821894754,0,95.2255296076598,95.2255296076598,75.1380327856501
132,1616,1.28403274773629,0.741309529525259,2.23358768465836,1.26882409476689,5.7359994640836,4.46717536931671,0.92485549132948,0.983440662373505,1.60120117870586,120,122.127951898821,122.127951898821,142.086371391066
133,139,1.28562955582635,0.714870196500061,2.66754803143131,1.52386111872636,6.85895718158898,5.33509606286262,0.478404376918434,0.501179591861686,0.749802872790854,0,52.6078202002551,52.6078202002551,70.6917763219477
134,68,1.2863973232732,0.854940651008051,2.89196874219992,1.65650421351165,7.44044169791148,5.78393748439983,0.936896241453177,0.891982444316664,1.08193026436048,150,126.661671760367,126.661671760367,117.595668000093
135,1859,1.28654834258058,0.782901022662051,4.72042480000904,2.70525980543767,12.1461094054557,9.44084960001808,0.88251458527099,0.969731773540344,1.27812009561608,0,168.153596998035,168.153596998035,161.451091879279
136,622,1.28928199207976,0.752947579712111,3.47644776885848,2.01134747187322,8.96424300959017,6.95289553771696,1,0.935847921744911,1.07939163752243,60,95.5411682592478,95.5411682592478,49.4984068058314
137,1443,1.29071663323808,0.815661012894024,4.46784282559802,2.59775244818955,11.5334380993856,8.93568565119604,0.352163224289842,1,0.487247155207776,90,85.9357985527465,85.9357985527465,79.1532473338235
138,1816,1.29512189795176,0.88889831310463,4.4397243723355,2.62051976629265,11.4999685109637,8.879448744671,0.31943897864616,0.766124778113251,0.379613582919191,90,61.8806213566138,61.8806213566138,47.132234820233
139,1240,1.29566326065374,0.864876025008284,4.39318122363258,2.59780457044397,11.3841670177091,8.78636244726517,0.244681600726606,1,0.16951990166067,90,103.896174070169,103.896174070169,68.6680139056736
140,1862,1.30289584168492,0.898489759590216,2.6554332144983,1.60863935708711,6.9195057860837,5.31086642899659,0.378358188307556,0.963556848012181,1.3050152388469,90,84.2162624227303,84.2162624227303,116.03673535575
141,1833,1.30498398259729,0.827748060256462,3.6660873605978,2.23619584756943,9.56837056876503,7.33217472119559,0.066808721678528,0.561513550092065,0.380867880313611,90,88.5167016581658,88.5167016581658,71.9272896635653
142,125,1.30509076475562,0.795453615369794,2.68687675366491,1.63948256715947,7.01323607448929,5.37375350732982,NaN,NaN,0.190797148809229,0,81.6709045246095,81.6709045246095,65.8672611892005
143,245,1.30521152974223,0.875040338457898,3.10812736627378,1.89727261618821,8.11352734873578,6.21625473254757,0.451097363381941,0.426174396476906,1.14815813854577,120,114.022460071676,114.022460071676,153.857490887551
144,95,1.30586026045515,0.871440738407994,3.87891732702433,2.37281332785529,10.1306479819039,7.75783465404866,0.311822125813449,1,0.458255878435033,90,96.1236508571733,96.1236508571733,75.8287784008814
145,1571,1.30632654140935,0.827503957620714,3.78663483031363,2.31989350230029,9.89316316292755,7.57326966062726,0.0372640576756354,0.125456100662305,0.165244449544492,150,76.2998217387228,76.2998217387228,110.836152049203
146,1792,1.30778990614468,0.819788672301766,3.70731712961248,2.28214958274402,9.69678384196897,7.41463425922496,0.00496287767499105,0.420483644689464,1.1109854811788,120,124.484691149755,124.484691149755,23.0551655969858
147,1635,1.3079966059974,0.815064963495795,2.69658021008094,1.66107510500935,7.05423552517123,5.39316042016188,0.794437980429931,0.365771058090273,1.14358815070917,150,77.6555589416506,77.6555589416506,99.8114134784981
148,130,1.31384100830024,0.781415736975121,2.48222178043241,1.55804597279143,6.52248953365625,4.96444356086482,0.737805412032578,1,0.806411871017177,90,53.1966963778169,53.1966963778169,68.893307267468
149,1584,1.31668547467684,0.710290107265121,4.27579939488291,2.70816712198286,11.2597659117487,8.55159878976582,NaN,NaN,0.0421832056784941,0,119.781030266328,119.781030266328,72.662935767519
150,648,1.32228956865913,0.735669657915673,3.3633579895646,2.16795039140605,8.89466637053526,6.72671597912921,0.821125330919167,0.682832150748472,1.30369111734,30,30.7399775169647,30.7399775169647,7.66740835456849
151,1606,1.32690735421367,0.798929144409721,3.12055762226082,2.04026647192916,8.28138171645079,6.24111524452163,0.505975049244911,0.853160332663778,0.692836018519022,90,116.658311094673,116.658311094673,101.153432262258
152,1646,1.32808511802008,0.866511499584139,2.58879157395737,1.69868797814238,6.87627112605713,5.17758314791475,0.989419066029098,0.32987073838504,1.37102032078519,120,72.017554300863,72.017554300863,90.8941762541064
153,1613,1.33386442136787,0.550730242089224,2.7727965674925,1.85147624315338,7.39706937813839,5.54559313498501,1,1,1.46918665675199,120,42.8221579515784,42.8221579515784,144.760300685776
154,1827,1.33623270549965,0.874986955712133,2.26998721100598,1.52648788281231,6.06646230482426,4.53997442201195,NaN,NaN,0.300087359068176,0,107.064962583184,107.064962583184,119.040763242264
155,1797,1.33958410186115,0.722691428870663,1.61520736008257,1.09699748138633,4.32741220155147,3.23041472016514,NaN,NaN,0.421814631403233,0,143.313903920051,143.313903920051,87.8742644901413
156,1605,1.34073081615327,0.807579326435835,2.4120234982821,1.64370147030105,6.46774846686525,4.8240469965642,1,1,0.888250422926406,150,128.749235721429,128.749235721429,159.136168463631
157,107,1.34075331291611,0.91943874754848,3.12015309119505,2.12640500526029,8.36671118765039,6.2403061823901,1,1,1.26529316179806,120,102.703859260936,102.703859260936,92.0881909326773
158,137,1.3493999001886,0.775303558718124,2.52006147012825,1.76101845226389,6.80114139252038,5.0401229402565,0.742392189525768,0.828795208559004,1.42376712919987,90,96.7387968356104,96.7387968356104,137.616191322464
159,375,1.34959417136753,0.716674988625812,2.00856225449336,1.4043633139994,5.42148782298613,4.01712450898673,1,1,0.449063864970436,150,87.6039800008462,87.6039800008462,154.260502876722
160,1622,1.35064823165844,0.951220136449999,3.54484792518929,2.48598931293142,9.57568516331001,7.08969585037859,0.521327423875391,0.99864338180506,1.10900874900209,0,1.65120618372697,1.65120618372697,16.6501463521972
161,1642,1.35072387936631,0.687509932541354,2.00937720136511,1.40947313434599,5.42822753707621,4.01875440273022,0.780711105537092,0.750145758596328,0.942593670278619,150,31.5037919785101,31.5037919785101,49.876381251033
162,353,1.35620965310702,0.956396291353812,3.32058308050242,2.36564749443761,9.00681365544246,6.64116616100485,0.148656104234818,0.874691751497092,0.893657643263912,30,55.130110118475,55.130110118475,21.7841811275562
163,71,1.35757506423253,0.738949705181087,2.16055301465494,1.54511976598607,5.86622579529595,4.32110602930988,0.570358034970858,0.269665677437632,0.554733984905175,90,15.1925182064054,15.1925182064054,37.4750785680398
164,94,1.35772514169262,0.921094665806984,2.58973620682141,1.85282750306339,7.03229991670621,5.17947241364282,0.0419701327761647,0.184495344764415,0.27462395353489,30,111.655658974017,111.655658974017,36.7611810914646
165,1086,1.35803528423745,0.682128922421981,2.26964465478183,1.62522573818565,6.16451504774931,4.53928930956366,0.769198649503108,1,1.09867242510574,60,53.486334940426,53.486334940426,80.1778721843274
166,1563,1.3583262417607,0.862028314270828,3.03818206556994,2.17732072268088,8.25368485382075,6.07636413113987,0.584231342727465,0.42385304250598,1.00899872034985,90,97.096353036375,97.096353036375,128.66212125637
167,1851,1.35903497885796,0.734757885719688,1.92661286736904,1.38344282020663,5.2366685549447,3.85322573473807,0.385924635845472,0.404679439354594,0.161962512082155,0,120.621093805891,120.621093805891,109.620874387346
168,1611,1.36046174478213,0.918978420972317,3.3651982096559,2.42605043638052,9.15644685569232,6.7303964193118,1,1,1.43950861735482,0,176.923661496808,176.923661496808,176.685371391786
169,1601,1.36200299156125,0.89156875425525,2.59000622797499,1.87518000537844,7.05519246132841,5.18001245594997,0.129706842657151,0.799226340631423,0.952975869977428,150,112.564021677533,112.564021677533,147.569598857703
170,252,1.36606622207257,0.797910008019648,2.67538358309053,1.95873512171387,7.30950228789494,5.35076716618107,0.918713800679049,0.66579460734647,1.72777578066952,90,79.1324762234104,79.1324762234104,55.5411217359811
171,1834,1.37055160787598,0.921264380349758,2.62793893259751,1.94757399374777,7.20345185894279,5.25587786519502,0.345783111886181,0.58709880700719,1.4372229991561,60,77.3698806081792,77.3698806081792,35.2221128866394
172,345,1.37840313996986,0.584995476427475,2.33411128462103,1.76647007827937,6.43469264752142,4.66822256924206,0.211968990168202,0.0611022769738127,0.215884943404473,90,87.1314149099582,87.1314149099582,86.3970321158571
173,1348,1.38039768691455,0.838322102946156,2.55937054824374,1.9471572730183,7.06589836950577,5.11874109648747,1,0.493771547927624,0.941645111883071,90,99.8201718997302,99.8201718997302,135.541266243914
174,129,1.3822574291436,0.831684145391787,2.69534897913448,2.06063434281754,7.45133230108649,5.39069795826895,NaN,NaN,0.532231262177957,0,85.7510720802992,85.7510720802992,64.8576262770798
175,808,1.38869052950937,0.846956365955763,2.65834685894468,2.06654849644555,7.38324221433491,5.31669371788935,0.869706377543855,0.0862854145280738,1.35515837166337,150,74.2803710376573,74.2803710376573,85.4973497229055
176,133,1.38876457797491,0.849400773073447,2.70403489575665,2.10246597015655,7.51053576166984,5.40806979151329,1,1,0.851445632287265,30,66.6452087521246,66.6452087521247,172.277762077721
177,1863,1.38953218393352,0.79596128662086,2.84112062844635,2.21341584643459,7.89565710332728,5.6822412568927,0.113906697310592,1,1.21438301605075,90,92.8804944693691,92.8804944693691,107.369408123283
178,1840,1.39009889606868,0.771315492892458,2.33840637694905,1.82441949241559,6.5012322463137,4.6768127538981,1,1,1.54814313135624,90,88.7809811211612,88.7809811211612,106.894014472586
179,617,1.39023897055602,0.898626754005586,1.85943243235241,1.45124599643938,5.17011086114419,3.71886486470482,NaN,NaN,0.837097722250443,0,84.8149678072781,84.8149678072781,162.363998243886
180,629,1.39264199007333,0.769320775659103,3.09354787997569,2.42931359196155,8.61640935191292,6.18709575995137,0.25516967126193,0.610838187189228,0.974713972601663,90,99.955637872869,99.955637872869,75.4899577642673
181,911,1.40127195362394,0.673662562660594,2.29228688614826,1.8396608741425,6.42423464643901,4.58457377229651,0.145241364740678,0.271516697519072,1.34519004521361,120,71.2635139632913,71.2635139632913,26.387742578985
182,1828,1.40263931442394,0.818008966999214,2.60644966812694,2.0989182149103,7.31181755116418,5.21289933625388,0.543938078021872,0.0370215255570202,1.12450596169109,150,86.0121677134007,86.0121677134007,108.141560177843
183,1818,1.41562276671218,0.80076859731903,3.90664044499128,3.24737742059394,11.0606583105765,7.81328088998255,0.199816081334515,0.237596471278926,0.191169704087651,150,70.0512601490518,70.0512601490518,55.0233964440139
184,913,1.41675116140193,0.797167812971922,2.407858629927,2.00695576102748,6.82267302088148,4.815717259854,0.0654888451509935,0.799116122799078,1.01765667247033,60,74.8869147160988,74.8869147160988,66.6469324367798
185,1645,1.41749842431402,0.652517215689568,1.94625662961975,1.6251181523539,5.5176314115934,3.8925132592395,0.269666169961969,0.99587463148644,0.780006712530172,90,154.592227504447,154.592227504447,23.8656952465537
186,1855,1.41894273842442,0.900321009002078,2.63124267358506,2.20468002226186,7.46716536943199,5.26248534717013,0.363491813376499,0.755735253146208,1.13570924881694,60,66.7098855294321,66.7098855294321,56.9131207915415
187,461,1.42021551632856,0.876284831379385,4.23955738854637,3.56305559406511,12.0421703711579,8.47911477709274,0.303668602524236,0.283304038735757,1.05228183170072,60,77.9429881762684,77.9429881762684,57.7207829555117
188,778,1.42300554482476,0.861715898996817,2.9734172907734,2.51554400214993,8.46237858369673,5.9468345815468,0.552358442092282,1,0.205946899978626,150,94.0562864212453,94.0562864212453,118.457258679462
189,140,1.42640358270831,0.733457886993604,2.75854078696285,2.35250334921592,7.86958492314162,5.5170815739257,1,1,1.53375722104621,60,76.9098428404765,76.9098428404765,72.0003870331512
190,1841,1.43908239759137,0.779154957665908,3.70530141719907,3.25386526012497,10.6644680945231,7.41060283439813,0.00216734101934382,1,1.22225595016539,90,99.2537773620982,99.2537773620982,111.53940730371
191,1565,1.45120873370733,0.8272693280072,2.88193020630317,2.6007041580379,8.36456457064424,5.76386041260635,0.474437040528232,1,0.302219506124594,0,164.483965011942,164.483965011942,123.562616771057
192,363,1.45176563643299,0.896410899341737,2.09588032328712,1.89369341627437,6.08545406284862,4.19176064657425,0.686121976031291,0.888534608994074,1.35972002720363,120,97.7542851316645,97.7542851316645,119.563804313754
193,232,1.45991443477648,0.839887171668729,2.34830879589216,2.16004222508678,6.85665981687109,4.69661759178431,0.648064647321981,0.120761049726936,0.764251117029859,60,101.493624320115,101.493624320115,112.547774329008
194,1453,1.49301440133111,0.621897833790238,2.30893872359835,2.27668008505014,6.89455753224683,4.6178774471967,0.0460994474230023,1,0.281221132419456,90,162.252799437475,162.252799437475,98.9707636134772
195,1545,1.53077917101837,0.694421216711271,1.73268079437958,1.83934175136048,5.30470334011964,3.46536158875916,0.578586340590516,0.721275935046215,0.03361617577342,90,145.63703482233,145.63703482233,40.8847807391766
196,1602,1.54519788420063,0.827405894789824,2.95719072886454,3.22450825710932,9.1388897148384,5.91438145772907,0.503115009427002,0.451017635546899,0.683884881248762,150,104.097982871072,104.097982871072,128.246006874211
197,1080,1.57938728321915,0.789187212904493,2.35254797606134,2.7260727609858,7.43116871310848,4.70509595212269,1,1,0.820942765243445,120,122.536583357934,122.536583357934,116.164848813942
198,121,1.60904517467042,0.887732124101381,1.87533258563308,2.28432452436405,6.03498969563022,3.75066517126617,0.293720919857555,0.5823543444274,1.25557100760143,90,61.5684478035619,61.5684478035619,7.92632501084995
199,1564,1.67946971633171,0.638855349294106,2.8402013611234,3.85966162633493,9.54006434858172,5.68040272224679,0.0907927655856529,0.473721115157409,0.121985977899612,90,84.876985832356,84.876985832356,141.88293994221
200,1852,1.69504607672213,0.698534181447934,1.76523763972342,2.45384299194398,5.98431827139082,3.53047527944684,0.160368081379068,0.953182443061615,0.570621737068974,0,168.98134772409,168.98134772409,26.1267458608591
201,1614,1.73239458173834,0.762855280717653,1.46107395108499,2.14016529058734,5.06231319275732,2.92214790216998,0.0991189427312774,0.563188451214971,0.471611110182237,120,80.7558570517262,80.7558570517262,100.793742877684
202,1589,1.73863262370183,0.843931624053909,2.01144636661443,2.97143981441585,6.99433254764471,4.02289273322886,0.132071457419802,0.969902712861336,0.352424246855138,0,97.5637031886291,97.5637031886291,34.8435219608469
203,468,1.78526069547552,0.88930133048662,2.47440077497999,3.88609934689192,8.8349008968519,4.94880154995998,1,1,0.595563859748967,0,97.7186571563693,97.7186571563693,8.63837854184121
204,462,1.85105895222894,0.67931399839257,3.02564131025937,5.14999824665988,11.2012808671786,6.05128262051875,0.500546050236622,0.678116235803737,1.00040405081713,120,106.853564193041,106.853564193041,166.137646928478
205,1861,1.85522046587136,0.92181393288461,2.73795510573353,4.6831104821206,10.1590206935877,5.47591021146705,0.144016035100456,1,0.89932543923471,0,8.76380222178597,8.76380222178597,179.46075010036
206,914,1.89310737568217,0.636717241982434,1.7994880374181,3.21427207733986,6.81324815217606,3.5989760748362,0.0710840656823858,0.868965762645991,0.235432004993664,120,178.319423961685,178.319423961685,3.28926504482646
207,457,1.96413695886727,0.879320801834886,2.05845455237939,3.96926422419509,8.08617332895387,4.11690910475878,0.800422040712376,1,0.600723913777366,150,168.553134072641,168.553134072641,119.675291896833
208,800,2.02481032280688,0.888472284728864,1.75496103635897,3.59700437236906,7.106926445087,3.50992207271793,0.282148931845655,0.929859925502406,0.527409529837808,60,51.0140971118629,51.0140971118629,172.889141068709
209,1599,2.5862275204185,0.885467344924015,1.57783880534852,5.00562267165613,8.16130028235317,3.15567761069703,0.331387043151053,0.363442571420942,0.923712503482377,0,142.333061382343,142.333061382343,177.284057330966
