Rank,CellID,ParamAspectRatio,R2,SigmaEnvEff,CarrierScale_HalfLambda,SigmaC,SigmaS,Ac,As,Freq_cyclesPerPixel,OffsetMag,DSI,OSI,F1F0,DataOriDeg,FftDeg,EnvDeg,OffsetDeg
1,470,1.00003810536506,0.770384253723098,4.29909897364825,4.29926279238408,4.29909897364825,4.72552239825267,4.00315613628538,4.81743509596819,0.11629900849181,2.02850592746414,0.854039253819187,0.993351923011528,0.515330819082668,90,87.2107202270937,87.2107202270937,85.4338307594232
2,1623,1.00780523829091,0.63085124215421,3.93121051929659,3.90076412577827,3.93121051929659,4.67289826983805,3.85368938572327,3.93342668930495,0.128180013935152,1.76398498562826,0.187618031037031,1,1.23781875543912,120,124.072745540933,124.072745540933,121.162640591696
3,1455,1.11244946306293,0.617799592781537,5.48053131826672,6.0968141223054,5.48053131826672,6.77151139052741,5.17272192165154,3.71115268080708,0.0820100449135776,1.64381488592246,0.325299607154105,0.889991720981861,1.07719058934452,120,115.701827423537,115.701827423537,112.368994812258
4,1865,1.19968840870902,0.684856301073275,3.95459046211422,4.74427633858966,3.95459046211422,4.24015424147211,5.16504859115218,3.62741840695545,0.105390151061191,1.68299583332731,0.407412530582957,0.668678169290869,1.61317562108789,60,103.713147103061,103.713147103061,150.649257400812
5,1593,1.25416661829898,0.83091207540999,4.02665033154626,5.05009042938784,4.02665033154626,4.51625829103681,9.11372821769125,10.4089981535729,0.0990081280704133,1.27470237258987,0.334068053450889,0.351069135266311,1.44724993267378,60,92.3181414349801,92.3181414349801,95.0525246958622
6,632,1.28535798420246,0.797075994231425,3.51397997509623,4.51672221731749,3.51397997509623,4.35492606952641,3.50863368010349,4.09218874166616,0.110699745510795,1.14249568144084,0.328894768210958,0.984622930009809,0.349134017408429,150,88.5821697519711,88.5821697519711,102.886057012612
7,1672,1.31170685991433,0.75998104816538,3.34702734098982,4.39031872349716,3.34702734098982,3.51867200869775,7.55031634537859,10.4054906018182,0.113886947962111,1.15745581372595,0.059758048578886,0.807939461543825,1.50051289547594,90,92.3646822533477,92.3646822533477,70.4850931443927
8,792,1.35579591519397,0.638809176378072,3.21883576363029,4.3640843800102,3.21883576363029,4.07938161104356,4.38597068224085,4.14099409965012,0.114571570222213,1.60440261647416,NaN,NaN,0.199990108255977,0,76.7314469654642,76.7314469654642,88.0442747155701
9,1845,1.35774054444577,0.781103095593211,2.81720198963777,3.82502936322449,2.81720198963777,2.98412357046674,6.82632606176823,8.76776131436011,0.130717950771102,1.14668349619679,0.858153099674805,1,1.25299316796768,90,89.7033349577751,89.7033349577751,79.3125554133472
10,329,1.41543683114972,0.835935992361701,5.83600733829496,8.26049973348273,5.83600733829496,6.11835338278477,6.94919797864987,5.42640759812232,0.0605290256197604,1.64733011627596,1,1,0.25818803880531,90,117.548305731322,117.548305731322,62.1381405733814
11,1839,1.46208642817579,0.767914594833989,3.46195924962823,5.06168363377909,3.46195924962823,3.97669995314275,5.72614388317937,6.10072118006888,0.0987813613366224,1.54304307130328,0.672763549351378,1,0.849588805796004,30,67.3207967066086,67.3207967066086,85.7012957687992
12,1328,1.48103431296823,0.701102698535918,4.2583375715754,6.30674405970497,4.2583375715754,4.59819712083518,3.70956610363671,2.57460441521028,0.0792802110354531,1.97387867757047,0.201938547997449,0.197564746236375,0.162828083520536,90,59.4521890993708,59.4521890993708,14.1798895702368
13,600,1.53465270876832,0.770741144931265,5.60995514254093,8.60933285556923,5.60995514254093,5.81902350221048,4.07202476971854,4.3736722151567,0.0580765093402747,2.445006858008,0.838473384580331,0.0688574098834377,0.0544635760149108,120,95.6531513551295,95.6531513551295,3.06919708087458
14,1860,1.56258828126527,0.711871709602729,4.18049988236161,6.53240012600908,4.18049988236161,4.18049988236416,3.60888527869376,3.07350194646987,0.076541545275101,2.18662083426979,0.338732267351887,1,0.612329362265432,150,116.337004501547,116.337004501547,177.702470003956
15,775,1.56697126224155,0.637797357311982,4.42357369582087,6.93161285775895,4.42357369582087,4.55165941482458,5.30304847705475,5.64650344110969,0.0721332841663714,1.77717808157799,0.225196825160181,0.837304242158571,0.285985894346829,150,141.626257963468,141.626257963468,66.6365289645534
16,1831,1.58028961723655,0.665642930208111,4.36251393917514,6.89403548312822,4.36251393917514,5.12827639096148,3.55440984070318,3.92166088770791,0.0725264616382742,1.86087345661172,NaN,NaN,0.498911494867685,0,66.5431132593658,66.5431132593658,110.214971163547
17,1847,1.64379299937773,0.760581030515488,2.72169295144025,4.47389982003319,2.72169295144025,3.02399872811693,7.23225436571494,7.74373458328338,0.11175931963454,1.23805842575238,0.734353280253017,1,1.38837091466217,90,94.4506335871703,94.4506335871703,78.9145731705
18,1592,1.66385095507705,0.78638466067385,2.8184834999956,4.68953646333659,2.8184834999956,3.33156626233832,6.36613442907229,6.76836963256531,0.106620345935908,1.14703130365874,1,1,1.06414138710626,90,83.7143650875003,83.7143650875003,111.897651441471
19,1431,1.70835402015665,0.69993632687161,6.12339446241425,10.4609255468704,6.12339446241425,6.96858444649988,4.3354340669041,4.38233984130777,0.0477969179457154,1.81951015917401,0.182223980110747,0.506842317099601,0.43759953609353,30,95.6688107513239,95.6688107513239,175.098250785131
20,1856,1.71458507692717,0.842070944969474,4.11705255052159,7.05903686404924,4.11705255052159,4.1235910994465,6.98560059753428,5.1658749626721,0.0708311926442026,1.48829468892138,0.944410487022201,0.943672095535337,0.221724947289277,30,57.8294425994235,57.8294425994235,123.037322462188
21,1248,1.81683372167451,0.805237200782089,3.93641881992043,7.1518184546656,3.93641881992043,4.5986659864398,5.82891576100399,6.31696377389225,0.069912289184832,1.22061239370293,0.563953897795827,0.534013286480318,0.10210537102235,120,96.6645214019111,96.6645214019111,71.6701868922735
22,1820,1.85857204579463,0.68451413844407,4.24411009516723,7.88798438215259,4.24411009516723,5.27401333679161,4.96272777140713,3.76329860742428,0.0633875494392844,1.96167453856659,0.0506683844618415,0.352436933168712,0.587080503313753,60,78.6225157169107,78.6225157169107,59.7606084659632
23,783,1.86515159885503,0.626990368071651,3.84996755494415,7.18077314064406,3.84996755494415,4.52988686281614,4.59787350041702,4.40261617581849,0.0696303852255042,1.43693068861801,0.105178535539626,0.865829098619249,0.880446176398457,60,84.9221561886721,84.9221561886721,101.888769602574
24,912,1.89430218970523,0.718779818432866,2.7123077823564,5.13793057127225,2.7123077823564,3.29810201082128,7.11426528723274,8.02286507885632,0.097315445015091,0.911439758981629,0.0562529218750683,0.898498857725283,1.20669542792277,120,104.140341132146,104.140341132146,NaN
25,123,1.90052623878182,0.77348808147325,3.35276138959873,6.37201099330698,3.35276138959873,3.80801514070006,5.47043646739781,5.87565873588766,0.0784681634299108,1.41454236999813,0.264580741286884,1,0.991726458456369,90,99.6667283529003,99.6667283529003,19.8913439776815
26,1850,1.96302060913828,0.78696007887055,3.53834834067382,6.94585071505295,3.53834834067382,3.86088227304409,4.10240768478617,5.54023108453486,0.0719854227382698,1.85965025265216,0.279557257116864,1,1.35441374380695,150,138.637826752469,138.637826752469,127.945033967899
27,93,1.97048052788301,0.77877983383133,3.3288546642997,6.55944329615509,3.3288546642997,3.60503430082994,4.67460938774725,5.71563715426477,0.0762259809903505,1.63382867316972,0.0735792380123998,0.373547017019511,0.135471826597621,90,89.2647766656045,89.2647766656045,29.9827803812282
28,231,1.99944430732865,0.674128135869262,2.83319041871547,5.66480645427873,2.83319041871547,3.43116740492584,3.84528781780426,4.34889604717696,0.0882642688740655,0.593087405819853,0.00468035076420761,1,1.10297185034748,90,80.5160749251837,80.5160749251837,NaN
29,446,2.01466129215984,0.80540430937472,4.06007812807569,8.17968224777889,4.06007812807569,4.61243433728161,5.14498313916529,5.93082095018303,0.0611270688584229,1.43939470189627,0.87476743987574,0.155438976590163,0.418316858323507,150,85.4144753124796,85.4144753124796,80.0868909211357
30,647,2.04067697934895,0.767511195125768,3.49495098179858,7.13206601250939,3.49495098179858,3.68350049687973,3.93440132740494,4.83449143473067,0.070105913086477,1.85675018097023,0.826446280991736,0.296779475274942,1.1899167294601,90,51.1494102517389,51.1494102517389,80.1633315455809
31,1832,2.07647370415575,0.822203901752509,3.21828673982702,6.68268778768396,3.21828673982702,3.92529161627507,10.1956388619794,7.79963110315224,0.0748201944914273,1.77023076300449,0.23207491338925,0.938130516923959,0.914650467005988,150,112.624470883704,112.624470883704,178.453146022671
32,1618,2.10616971558756,0.560375881472939,3.11813370041275,6.56731876896232,3.11813370041275,4.781886020847,3.83893300320564,1.7686772666033,0.0761345714423123,0.671454367061853,0.900946655660263,0.473117045786903,1.05090011354247,30,66.2258320217522,66.2258320217522,NaN
33,772,2.12232120039388,0.821284664384926,4.11840132451017,8.74057044273818,4.11840132451017,4.11840132451026,5.55811276767513,4.69973323162323,0.0572045043599424,1.92513703698757,NaN,NaN,0.413801679981504,0,74.7354729963555,74.7354729963555,165.055369698564
34,1329,2.14562716293639,0.766872639493499,3.13392628590599,6.72423736568024,3.13392628590599,3.95238917934784,5.34928131454544,5.82664510555464,0.074357874775799,1.29338466346711,NaN,NaN,0.10193487756596,0,62.5674459730838,62.5674459730838,93.7584187750115
35,915,2.14971381827098,0.574125247237508,3.28886267875449,7.07011354691423,3.28886267875449,3.31335512282747,5.11173298203557,4.60914345352345,0.0707202220561545,1.73474244389559,0.0561438664985229,0.848876389561151,0.507734461034703,0,22.1379433765279,22.1379433765279,156.28736729499
36,1610,2.17199840857115,0.825822880887829,2.1119188619708,4.58708440723197,2.1119188619708,2.22485390429656,10.4952113786974,6.12755187305889,0.109001700341878,0.936506162911263,0.61946380063777,1,1.57334087403508,90,102.675401474031,102.675401474031,NaN
37,1836,2.22438903763329,0.852891637701163,2.74239203982025,6.10014679026896,2.74239203982025,2.83879891114743,8.93715101320177,6.01112257823878,0.0819652407049625,1.16589359157027,NaN,NaN,0.496684412415417,0,97.5205808819671,97.5205808819671,94.4216370945986
38,766,2.23370036436239,0.688816433826179,3.21421858045102,7.1796012142938,3.21421858045102,3.55852954899919,4.77288677330756,4.87038585896726,0.0696417509937118,1.7668343835281,0.483312983312983,0.350140080584699,0.268760596340152,60,84.574934088806,84.574934088806,138.58281894779
39,1546,2.23472116711851,0.754366810911129,3.32230632084329,7.42442825884011,3.32230632084329,3.82684780397339,5.28854207479315,5.72320151037079,0.0673452530711251,1.33389233882346,1,0.0500561006108734,0.450413978798531,0,132.791938193248,132.791938193248,55.3963294763571
40,779,2.24412133938753,0.825980918693416,2.84150873003373,6.37669037712464,2.84150873003373,3.44596573749576,5.05206920872735,5.96379187756098,0.0784105814191121,1.33782184445182,0.260021900042419,0.727505187148544,1.07359642084687,60,57.5963086285637,57.5963086285637,86.8337542998533
41,649,2.2496393706978,0.832974428830593,2.73773677636911,6.15892043872721,2.73773677636911,3.28145115329191,5.88219393153695,7.71226610868007,0.0811830587802379,1.20585089057931,0.916894373768142,0.338307457314248,1.58838877050065,150,77.4334570146872,77.4334570146872,110.550313032274
42,378,2.28608804553804,0.730689754584672,3.43173883102716,7.84525711701986,3.43173883102716,4.43642621501123,4.19422749934003,3.88351954284261,0.063732774151567,1.4852456159802,NaN,NaN,0.375822504597546,0,69.69501071494,69.69501071494,170.162578134292
43,328,2.33870145358142,0.704335556841696,3.44161349371312,8.04890648041231,3.44161349371312,3.44161349371314,6.09534695288271,4.97560342988919,0.0621202397141515,1.38082053483089,0.667059721686811,1,0.158459430505494,0,142.368485320884,142.368485320884,177.000428824073
44,614,2.35926708224533,0.758887687103101,3.84588220967237,9.07346329947294,3.84588220967237,4.43041530452781,6.82879638282361,4.82768929442182,0.0551057499763121,1.2353820618561,0.160886155248021,0.504362270760649,1.07359817020936,30,48.6688609566964,48.6688609566964,49.0594541642783
45,1587,2.37121127449942,0.860204942420434,5.76135144215246,13.6613814959854,5.76135144215246,6.21859740608297,6.39180606981185,5.13998749747654,0.0365995196127809,2.14440679057923,0.0878368006849545,0.572432340505077,0.330415192676456,90,111.602677438306,111.602677438306,38.8260188533892
46,1613,2.38604781213854,0.550730242089224,2.7727965674925,6.61602518337075,2.7727965674925,2.85302184348071,3.46808212108569,3.22686064070142,0.0755740775075554,1.85147624315338,1,1,1.46918665675199,120,42.8221579515784,42.8221579515784,144.760300685776
47,81,2.39303518431573,0.833910464554918,3.61322991228705,8.64658630912496,3.61322991228705,4.2969955679866,7.12256156534104,4.90418726414221,0.0578262891416856,1.44619417772323,0.212110562583409,0.382159216825867,0.233528913428427,90,53.3428147785541,53.3428147785541,163.576778140707
48,798,2.42703415128721,0.766219255622129,3.21382630357191,7.80006619507417,3.21382630357191,3.94078049163567,5.77218134934925,6.33274670613273,0.0641020200976955,1.04749345980456,0.23223880135809,0.941312385597019,0.416010910676489,0,133.922601301062,133.922601301062,54.5306737936503
49,1566,2.48261562240473,0.841417457494218,2.9586245760167,7.34512759324961,2.9586245760167,3.50406585146652,5.4570159282362,7.25722041386443,0.0680723368862257,0.614331875584773,0.402754590984975,0.97309909415317,1.11006501160073,60,55.969678234201,55.969678234201,NaN
50,1240,2.49623783018746,0.864876025008284,4.39318122363258,10.9664251653009,4.39318122363258,4.39318122363261,5.75607328555778,4.43100702127297,0.0455937092045328,2.59780457044397,0.244681600726606,1,0.16951990166067,90,103.896174070169,103.896174070169,68.6680139056736
51,659,2.52011307177431,0.809657626753401,3.06699582493689,7.72917626950068,3.06699582493689,3.70540767633142,5.97534854404546,5.98216401203162,0.0646899465824061,1.13791990517569,0.151699029126213,1,0.95671981249897,90,106.683423830583,106.683423830583,74.8752284186988
52,127,2.57910506431544,0.599546804153214,2.3626959214861,6.09364101654225,2.3626959214861,2.36269592148612,5.77841327578714,4.5943676122132,0.0820527495207977,1.02044218374642,0.266742338251986,0.991564205767216,0.879069601011708,0,86.8198395822771,86.8198395822771,10.2601331100397
53,622,2.59495524285827,0.752947579712111,3.47644776885848,9.02122636432225,3.47644776885848,3.47644776886784,8.95144343051238,8.53293391710304,0.055424836913242,2.01134747187322,1,0.935847921744911,1.07939163752243,60,95.5411682592478,95.5411682592478,49.4984068058314
54,599,2.59954981644214,0.935130613649968,3.17936889301333,8.26492782223466,3.17936889301333,3.39913255256739,11.4214984921653,14.4293668573881,0.0604965960688584,1.09251429709157,0.160920751821753,0.0977850205983782,0.449367759114249,30,68.2996606174825,68.2996606174825,131.072736240541
55,743,2.60277725332292,0.871703846405002,2.95767720840532,7.698174960709,2.95767720840532,2.96398780000902,8.12071582684315,6.0432863312355,0.0649504593688723,1.00686788885652,0.000538874187965461,0.408962485183084,0.401953748633624,0,104.829923836343,104.829923836343,46.6216544623792
56,140,2.60925649967802,0.733457886993604,2.75854078696285,7.19774047800972,2.75854078696285,3.26833205390662,3.03183426706841,3.69249431087449,0.0694662445148699,2.35250334921592,1,1,1.53375722104621,60,76.9098428404765,76.9098428404765,72.0003870331512
57,744,2.61547950848189,0.74336338799533,3.17832718292253,8.31284961818484,3.17832718292253,4.22339642585219,3.0449473816823,4.01988774565016,0.0601478461617086,0.399541203158069,0.167472344431771,0.702664539882098,0.398193509875583,90,88.6851577769195,88.6851577769195,NaN
58,1438,2.62942004368289,0.812345869414602,2.53815576167633,6.67387763374096,2.53815576167633,3.11919461469132,5.82492764770822,6.24668843074533,0.0749189642723088,1.0096815928205,0.30899194920059,0.356217801553215,0.124574787903864,120,127.778678705661,127.778678705661,66.5168043291666
59,1841,2.62974485431762,0.779154957665908,3.70530141719907,9.74399733557503,3.70530141719907,4.24579913676342,5.89298252251571,3.86092871024537,0.0513136429311732,3.25386526012497,0.00216734101934382,1,1.22225595016539,90,99.2537773620982,99.2537773620982,111.53940730371
60,657,2.66373470264473,0.883538812289605,2.71881455118549,7.24220067004827,2.71881455118549,3.27415218297831,5.78766114222303,7.85356091417231,0.069039788150011,1.18190947412292,0.335892514395394,0.494887941139659,1.23479165951286,60,71.9269441280183,71.9269441280183,98.9080826594222
61,1859,2.73647597744343,0.782901022662051,4.72042480000904,12.917329068553,4.72042480000904,5.605920429109,4.65681023184708,3.25727046386651,0.0387076923833459,2.70525980543767,0.88251458527099,0.969731773540344,1.27812009561608,0,168.153596998035,168.153596998035,161.451091879279
62,135,2.73905722354651,0.849525666657326,1.77060246729718,4.84978147807962,1.77060246729718,2.17717251456325,8.00717709080361,10.506421901415,0.103097428669711,0.439179017303591,0.543664455000496,0.99535155346016,1.39139804879178,90,90.8411583104103,90.8411583104103,NaN
63,870,2.74588846593632,0.779544778442174,3.09190804863589,8.49003464848495,3.09190804863589,3.73549110745091,6.81432262360247,6.69041487821047,0.0588925747304489,1.42275860809181,0.17841139177482,0.842723658227372,1.21836253204037,90,107.435634346188,107.435634346188,78.9724701654902
64,1440,2.78600997325076,0.634661429530732,3.39733838530998,9.46501862398124,3.39733838530998,5.12420702550901,4.230341629834,2.6004008780273,0.0528260978518484,0.573636797989998,0.68607588097843,1,0.287495555533532,0,102.109835080918,102.109835080918,NaN
65,621,2.79541494898997,0.865356072735894,5.13389633946964,14.3513705739183,5.13389633946964,6.84660099449504,7.0059372373266,4.58906412950818,0.0348398780050097,1.99851155243142,NaN,NaN,0.793475482882281,0,79.365501904994,79.365501904994,59.5967068482506
66,1810,2.84034852544161,0.681919284279442,2.59482015223561,7.37019359318859,2.59482015223561,3.40715524889391,4.74813912530652,4.77557697651618,0.0678408231314428,0.980356301438434,NaN,NaN,0.329302944250894,0,102.057937161882,102.057937161882,NaN
67,1616,2.88369818527859,0.741309529525259,2.23358768465836,6.4409927529099,2.23358768465836,2.52890389106055,5.53747237555161,5.53286359649449,0.0776277849053798,1.26882409476689,0.92485549132948,0.983440662373505,1.60120117870586,120,122.127951898821,122.127951898821,142.086371391066
68,1517,2.89325967876593,0.946957845483531,4.68124210852077,13.5440490391244,4.68124210852077,5.97489872769029,11.5854763701328,6.75446616233944,0.0369165822240943,1.20008680198148,1,1,0.858692995849257,120,89.3170031900648,89.3170031900648,88.0267518596708
69,1833,2.90796562031174,0.827748060256462,3.6660873605978,10.6608560056778,3.6660873605978,4.30364543742837,6.03173003476584,6.08359600413297,0.0469005490491297,2.23619584756943,0.066808721678528,0.561513550092065,0.380867880313611,90,88.5167016581658,88.5167016581658,71.9272896635653
70,1840,2.920631115235,0.771315492892458,2.33840637694905,6.82962242458136,2.33840637694905,2.76737731961466,8.09302111996118,5.73799757012993,0.0732104893823101,1.82441949241559,1,1,1.54814313135624,90,88.7809811211612,88.7809811211612,106.894014472586
71,1347,2.97572174659685,0.74454342253444,2.08150215988888,6.19397124276966,2.08150215988888,2.91604484135775,3.10421884818674,4.40684528487568,0.0807236553743545,1.06325814607725,0.725095279677288,0.867110322241284,1.10489492110861,120,110.563342643358,110.563342643358,106.17095684836
72,637,3.01771204093058,0.72561421745891,2.71730787170138,8.20005268334871,2.71730787170138,3.55962868040184,5.07197398259825,4.72399124096593,0.0609752180026009,1.01285024031006,0.293255131964809,0.297183992894678,0.337431200540401,90,73.6868430033891,73.6868430033891,100.86659979014
73,1255,3.03243607907874,0.7346692011138,2.61292694268044,7.92353393298108,2.61292694268044,2.69409267468863,6.81157292248216,7.52559197114199,0.0631031562720757,1.35356998397417,0.05669005458577,0.287473215133576,0.0229645761404506,90,125.123702928601,125.123702928601,73.5826635725291
74,68,3.03626730835337,0.854940651008051,2.89196874219992,8.78079014872143,2.89196874219992,3.54230481171536,3.66279712507548,5.22878021769128,0.0569424837094877,1.65650421351165,0.936896241453177,0.891982444316664,1.08193026436048,150,126.661671760367,126.661671760367,117.595668000093
75,95,3.07213798897816,0.871440738407994,3.87891732702433,11.9165692764571,3.87891732702433,3.94716748532731,7.04742459646821,4.79805911963701,0.0419583848673479,2.37281332785529,0.311822125813449,1,0.458255878435033,90,96.1236508571733,96.1236508571733,75.8287784008814
76,1589,3.07372496861587,0.843931624053909,2.01144636661443,6.18263292009444,2.01144636661443,4.51588658265056,-4.2809313457804,1.27610708118254,0.0808716943836224,2.97143981441585,0.132071457419802,0.969902712861336,0.352424246855138,0,97.5637031886291,97.5637031886291,34.8435219608469
77,1792,3.08681175645113,0.819788672301766,3.70731712961248,11.4437901005805,3.70731712961248,3.70731712961252,5.92188972109816,5.47180007217528,0.0436918184976705,2.28214958274402,0.00496287767499105,0.420483644689464,1.1109854811788,120,124.484691149755,124.484691149755,23.0551655969858
78,793,3.08755857839353,0.566226586426613,3.07325933602453,9.48886822657055,3.07325933602453,6.17337722106303,3.35193038759307,1.32894725025033,0.0526933231720839,0.853053605161425,0.639960245859099,0.949417232772556,0.227992005160236,0,126.150334144972,126.150334144972,NaN
79,362,3.13147855441452,0.408958551060612,3.2476239626726,10.1698647919119,3.2476239626726,6.05695591027526,3.09974548497695,1.05731645082803,0.0491648620931173,0.433389452308168,0.235466793546788,0.187354279928681,0.1508727454474,60,136.732756887611,136.732756887611,NaN
80,919,3.14142615007063,0.818534725584609,2.41161136868719,7.57589901740157,2.41161136868719,3.00750931052654,4.43315509264819,5.69626732769288,0.0659987677834034,0.880961516127225,0.771188589176,0.885338676458744,1.30058917011358,0,12.8190636046937,12.8190636046937,NaN
81,778,3.1464773607663,0.861715898996817,2.9734172907734,9.35579018952957,2.9734172907734,3.27414271015642,6.95951908659071,5.84403282746303,0.053442840195323,2.51554400214993,0.552358442092282,1,0.205946899978626,150,94.0562864212453,94.0562864212453,118.457258679462
82,244,3.15990964339256,0.613886726244915,3.81485699109791,12.0546033943338,3.81485699109791,6.07377583932668,4.42571690428466,2.18434851906037,0.0414779303510742,0.560108312732423,0.216474555818484,0.815141869143416,0.259443591261932,90,90.214111559551,90.214111559551,NaN
83,664,3.17169458781054,0.846014018774488,2.53978121176572,8.05541032358024,2.53978121176572,2.85001297624505,5.17269468471855,7.03385142642828,0.0620700845661918,1.19718588431191,0.594781273983116,1,1.00889372441145,90,94.6638514864192,94.6638514864192,75.4816253292072
84,1619,3.17510975956497,0.833728776439555,1.75396905195666,5.56904425484251,1.75396905195666,2.0902214987733,7.80281033010208,10.8326243357911,0.0897820123381548,0.358359602246731,0.680786344098039,0.826678901865554,1.4404843554945,90,84.7955337084169,84.7955337084169,NaN
85,1597,3.19805320615467,0.871384060137911,2.71604153909465,8.6860453521509,2.71604153909465,2.86629309443528,10.4466570798793,7.01823105993967,0.0575635953680792,1.53272248359592,0.346188593178419,1,1.18088140691576,90,76.8446718595558,76.8446718595558,105.664918521849
86,748,3.20763992916227,0.646152130002918,4.62758161111972,14.8436155512847,4.62758161111972,5.13576168322357,4.91353653527644,3.96770358914512,0.0336845156271058,1.96121367420126,NaN,NaN,0.237776947997587,0,98.1098477762975,98.1098477762975,129.76980427088
87,331,3.21365516445524,0.882181564226964,2.62005835670305,8.41996406919286,2.62005835670305,3.10697828655426,4.02667361173139,6.61444719867215,0.0593826762075399,0.837644883769288,0.256001013363734,0.277466936362222,0.207757733666849,90,145.00897298823,145.00897298823,NaN
88,890,3.2219157522176,0.788507634980974,2.98340256079222,9.61227170582279,2.98340256079222,2.98340256130567,8.45774136178875,6.00800178847054,0.0520168400667573,1.2164054112989,0.177510951806697,0.241034150797157,0.967717951441197,60,49.586711683254,49.586711683254,111.189362617733
89,1644,3.22564916499445,0.715446381797271,3.02377252971704,9.75362933561494,3.02377252971704,4.02779805056694,5.41723188149372,3.58192984933191,0.0512629691774602,1.2424859111564,0.181540115438269,1,0.457592975015812,120,93.1816501082588,93.1816501082588,83.7809623787507
90,358,3.23919147084462,0.888478109709177,2.28964196628275,7.41658872847099,2.28964196628275,2.62428922627081,7.15625197741438,11.0634936762233,0.0674164387841256,0.475724476917523,0.163194358788491,0.246991217259488,0.725239929026661,60,71.2527124698688,71.2527124698688,NaN
91,1015,3.24681379424475,0.909891529264211,3.42645706211509,11.1250680546626,3.42645706211509,4.00180453125303,6.08734396363039,7.26951382971335,0.0449435452927809,1.11044957276317,0.880471358080519,0.382913973771726,0.823510466590073,30,84.8267622003522,84.8267622003522,70.2413003014319
92,479,3.27935999017738,0.807542104175557,3.30507024544708,10.8385151276449,3.30507024544708,3.76577168408457,5.79486230085635,6.97277576488078,0.0461317804248566,1.35885635741995,0.984929531606121,0.306833048203683,0.428605731005912,120,98.2878861420879,98.2878861420879,55.7917885708607
93,1078,3.34459498448989,0.886541463733332,2.85686736520903,9.55506426103097,2.85686736520903,3.53736813908427,11.4015896182645,7.34933434283319,0.0523282718295451,1.01081934280846,0.866583289248541,0.685687026157766,1.2854060846743,60,80.7328511138525,80.7328511138525,40.3484510777252
94,1641,3.35056960275269,0.68944227913127,2.36855087107485,7.9359945511968,2.36855087107485,3.11747973850039,5.9214680415465,7.24439949844438,0.0630040755162309,1.25032876041452,0.250636600951298,0.924714921195144,0.85579340611819,150,141.275697681943,141.275697681943,103.617531818562
95,469,3.36290904073034,0.855767654211465,3.96962349282513,13.3494827323172,3.96962349282513,4.20714018112244,6.98399376708599,8.39546712025861,0.0374546347619576,1.42385971798372,0.6577033373509,0.748038442377947,1.38124411258787,30,63.5762608318372,63.5762608318372,3.23841219758705
96,137,3.37556956263331,0.775303558718124,2.52006147012825,8.50664279452988,2.52006147012825,3.06683328193421,6.74035572074989,5.88451514996185,0.0587775944138057,1.76101845226389,0.742392189525768,0.828795208559004,1.42376712919987,90,96.7387968356104,96.7387968356104,137.616191322464
97,1334,3.37784528348327,0.733107318797591,3.47717929034684,11.7453736657238,3.47717929034684,4.85352751056967,5.60913481351797,4.72032097320181,0.0425699525813417,1.45849051223224,1,1,0.118473237410928,90,94.362452910632,94.362452910632,46.3110696159161
98,776,3.41296656037828,0.866567254986652,2.47532510225784,8.44820180007098,2.47532510225784,2.80172810902105,6.49067013918919,8.58935623976254,0.0591841923089241,0.583356313587237,0.0728604346268005,0.126876328908141,0.37221364477873,120,78.7324049016571,78.7324049016571,NaN
99,1827,3.42614566086529,0.874986955712133,2.26998721100598,7.77730683320782,2.26998721100598,3.00338556923385,4.59336788296637,7.74873178217863,0.064289607022457,1.52648788281231,NaN,NaN,0.300087359068176,0,107.064962583184,107.064962583184,119.040763242264
100,462,3.43233105019619,0.67931399839257,3.02564131025937,10.3850026159595,3.02564131025937,5.22460833176308,3.55193829358013,1.7146346073744,0.0481463528214819,5.14999824665988,0.500546050236622,0.678116235803737,1.00040405081713,120,106.853564193041,106.853564193041,166.137646928478
101,1612,3.44374214192181,0.836365913536975,2.94249739262249,10.1332022734691,2.94249739262249,3.54979879282686,10.1324421395956,6.37876274688021,0.0493427434394661,1.03940550379516,1,0.899457861015278,1.64799872596301,120,93.1412645808997,93.1412645808997,114.698349828056
102,250,3.50146680290932,0.851570882359093,1.74774958493507,6.11968715144869,1.74774958493507,2.27215404722077,4.58136015837438,7.25180929533643,0.0817035230112437,0.535233093710468,0.766317232182546,1,1.24085784565666,60,83.9154461450509,83.9154461450509,NaN
103,654,3.52856713041522,0.785777438273344,3.47479642816827,12.2610524613188,3.47479642816827,4.69204793179898,6.95592980804028,4.49054266370288,0.0407795335333082,1.78330978373993,0.320208038192086,0.908408009633157,0.597435863906742,90,90.6368836646533,90.6368836646533,90.345976317519
104,1080,3.529705340601,0.789187212904493,2.35254797606134,8.3038011551238,2.35254797606134,3.04529278245911,7.31818100089943,7.38706905613033,0.0602133879002484,2.7260727609858,1,1,0.820942765243445,120,122.536583357934,122.536583357934,116.164848813942
105,1580,3.53866372760718,0.868016732483193,2.67225906383308,9.45622621995565,2.67225906383308,3.17944580759627,6.26801595645245,7.51709193223451,0.0528752155849276,1.27376123312906,0.311167013015422,0.785923025923471,1.33957971424864,150,135.945648975295,135.945648975295,121.392645047772
106,1532,3.56338902905834,0.811501304052595,3.78691423108237,13.4942486250238,3.78691423108237,4.8660003054776,4.77941900353142,1.97475238483199,0.037052822568631,1.32510362911183,0.982209043736101,0.971224638902939,1.42453345945129,60,103.614402834725,103.614402834725,75.798293876011
107,1602,3.56542165185366,0.827405894789824,2.95719072886454,10.5436318533545,2.95719072886454,4.48976634935089,4.3399673461291,5.79424640464792,0.0474219895908943,3.22450825710932,0.503115009427002,0.451017635546899,0.683884881248762,150,104.097982871072,104.097982871072,128.246006874211
108,461,3.73500795798153,0.876284831379385,4.23955738854637,15.8347805845401,4.23955738854637,5.37599194782913,9.19783118192429,7.38961958649944,0.0315760611478357,3.56305559406511,0.303668602524236,0.283304038735757,1.05228183170072,60,77.9429881762684,77.9429881762684,57.7207829555117
109,133,3.74953157912345,0.849400773073447,2.70403489575665,10.1388642326913,2.70403489575665,2.81422394951126,9.69135467781683,8.3646233154544,0.0493151884200029,2.10246597015655,1,1,0.851445632287265,30,66.6452087521246,66.6452087521247,172.277762077721
110,1590,3.74970366932214,0.90055304212248,2.97915365441441,11.1709433894322,2.97915365441441,3.32335968526474,13.8796070869496,10.803730306253,0.0447589771579189,1.64273131664069,0.580840590685346,0.297111960965317,0.735548758184538,150,98.1141887800616,98.1141887800616,113.66084905507
111,363,3.79289441192234,0.896410899341737,2.09588032328712,7.94945276625372,2.09588032328712,2.31563005886604,9.95492727146015,8.7894685428787,0.0628974112686793,1.89369341627437,0.686121976031291,0.888534608994074,1.35972002720363,120,97.7542851316645,97.7542851316645,119.563804313754
112,1601,3.79961865775897,0.89156875425525,2.59000622797499,9.84103598752568,2.59000622797499,2.69849999784861,10.3260171464921,8.84551917766155,0.0508076589328391,1.87518000537844,0.129706842657151,0.799226340631423,0.952975869977428,150,112.564021677533,112.564021677533,147.569598857703
113,125,3.81032118223388,0.795453615369794,2.68687675366491,10.2378634085412,2.68687675366491,3.74509646601842,8.52295493787274,3.75289436127443,0.0488383151881926,1.63948256715947,NaN,NaN,0.190797148809229,0,81.6709045246095,81.6709045246095,65.8672611892005
114,1564,3.82686439343468,0.638855349294106,2.8402013611234,10.8690654590678,2.8402013611234,4.50395210449416,4.32644873885219,2.29108389036553,0.0460021150744713,3.85966162633493,0.0907927655856529,0.473721115157409,0.121985977899612,90,84.876985832356,84.876985832356,141.88293994221
115,1813,3.85188299628813,0.67989643081914,3.03847082618144,11.7038341100858,3.03847082618144,4.3359023307584,5.16564836775474,3.5121952845911,0.0427210429759188,1.53142943553111,NaN,NaN,0.382153297624973,0,95.9881275839344,95.9881275839344,90.7071373633618
116,1862,3.87057194413049,0.898489759590216,2.6554332144983,10.2780452995493,2.6554332144983,3.28888028451936,12.739547348966,7.50198383309166,0.0486473823988617,1.60863935708711,0.378358188307556,0.963556848012181,1.3050152388469,90,84.2162624227303,84.2162624227303,116.03673535575
117,1422,3.87079263670395,0.916515109284571,3.96097641216642,15.3321183303718,3.96097641216642,4.58611905431659,11.1688416440342,6.41875696262503,0.0326112797479221,1.61121763558123,0.0622451169778923,0.572418822663098,1.07898386290685,60,77.3203678046776,77.3203678046776,2.09858851431337
118,1826,3.87564577843299,0.962351990426853,3.53080692253042,13.684156943767,3.53080692253042,3.89631310215792,14.6995176440948,10.1931434498984,0.0365386046107682,1.59742983981887,1,1,0.583140592291701,120,105.169442472231,105.169442472231,92.9228225573903
119,1606,3.88122279549532,0.798929144409721,3.12055762226082,12.1115793781753,3.12055762226082,3.80554814332245,6.9143188336819,4.09373084356674,0.0412828075008106,2.04026647192916,0.505975049244911,0.853160332663778,0.692836018519022,90,116.658311094673,116.658311094673,101.153432262258
120,1828,3.89589382464065,0.818008966999214,2.60644966812694,10.1544511662924,2.60644966812694,3.14032200809501,9.82164629730341,7.53693316671546,0.0492394903291025,2.0989182149103,0.543938078021872,0.0370215255570202,1.12450596169109,150,86.0121677134007,86.0121677134007,108.141560177843
121,1762,3.90918628250622,0.690502636042461,2.8382067751158,11.0950789921989,2.8382067751158,4.51240366649603,4.84989555680605,4.78785802586527,0.0450650239039809,0.714025966963473,0.0385346928566855,0.919943410360406,0.165384982035987,0,88.1751282619418,88.1751282619418,NaN
122,1443,3.92084442824095,0.815661012894024,4.46784282559802,17.5177166490023,4.46784282559802,4.99419765893715,4.25850900291239,4.74425425595719,0.0285425326838174,2.59775244818955,0.352163224289842,1,0.487247155207776,90,85.9357985527465,85.9357985527465,79.1532473338235
123,1863,3.92633265208987,0.79596128662086,2.84112062844635,11.155184691995,2.84112062844635,3.70909431400558,5.6810967352217,2.73700510661413,0.0448222072341664,2.21341584643459,0.113906697310592,1,1.21438301605075,90,92.8804944693691,92.8804944693691,107.369408123283
124,445,3.92647769269512,0.792376677872107,3.37446302778587,13.2497538034256,3.37446302778587,4.79909382859788,5.83119196308717,2.12247091354583,0.0377365502346714,1.90916242432657,0.491935483870968,0.506157097949596,0.0565625821894754,0,95.2255296076598,95.2255296076598,75.1380327856501
125,1430,3.94089767413747,0.762780243742209,4.34653732932503,17.1292588516887,4.34653732932503,5.38310764689225,4.15654016043137,4.66721813473905,0.0291898210149768,1.98730255364368,0.0452403357118638,0.725200991499564,0.194210280322793,90,77.9546025131143,77.9546025131143,103.769815698703
126,771,3.95991868420414,0.87388524629151,5.09413765131385,20.1723708653455,5.09413765131385,7.62608395177924,5.86788749598611,3.89857751720942,0.0247863775327946,0.741995616958363,0.32887280483954,0.209387845197213,0.194844198409186,150,78.0580859705447,78.0580859705447,NaN
127,132,3.97075160894287,0.959237035375801,2.99337743957115,11.8859582843504,2.99337743957115,3.32411922506083,17.3733327992136,9.88750011696517,0.0420664441215751,0.854741878557237,0.398849167072085,1,0.132215941280472,90,91.3021178685997,91.3021178685997,NaN
128,375,3.9718013035249,0.716674988625812,2.00856225449336,7.97761018060766,2.00856225449336,2.19853318424261,8.62002538265,4.02270529973729,0.0626754113926779,1.4043633139994,1,1,0.449063864970436,150,87.6039800008462,87.6039800008462,154.260502876722
129,1353,4.00959436357904,0.70871927393811,2.2720211812866,9.10988332241895,2.2720211812866,3.41209139508547,5.98951471903024,4.67031579609973,0.0548854449946166,1.0786413536953,0.44321100157402,1,1.29419174486341,90,67.3339596985223,67.3339596985223,138.155820575627
130,322,4.01552395793592,0.749359515982186,3.46869993871213,13.9286477067894,3.46869993871213,5.54102786341926,3.99948488334114,2.91639834494251,0.0358972393103372,1.84216799745518,1,1,0.0554353683325361,0,90.9323007345844,90.9323007345844,0.751349003789376
131,1834,4.02093130849005,0.921264380349758,2.62793893259751,10.5667619308812,2.62793893259751,3.86969229941241,11.1673267792176,7.47806264689332,0.0473181853883502,1.94757399374777,0.345783111886181,0.58709880700719,1.4372229991561,60,77.3698806081792,77.3698806081792,35.2221128866394
132,230,4.04493991516324,0.960347764707872,3.71537854396498,15.028482972425,3.71537854396498,4.09602982313464,11.8802861896011,7.79367265995461,0.0332701578008521,1.46062037494906,1,0.256209610518171,0.426151499205499,120,113.388167193673,113.388167193673,101.512324786562
133,1621,4.04719850100386,0.926857773620622,3.08536564380203,12.4870872086444,3.08536564380203,3.20235382558505,8.80020741239429,11.5970773999045,0.0400413636619649,1.44865872425434,0.309050731795139,0.726266758945951,1.19878165238774,90,145.007727530458,145.007727530458,58.3206178337419
134,1805,4.05157678068839,0.810721434327879,3.36335968020949,13.6269099854403,3.36335968020949,3.95243827855349,7.83499956374567,5.71283164552182,0.0366921041185585,1.5452123455312,0.262378071366835,0.374977842347365,0.996160600224733,120,93.6660625630354,93.6660625630354,101.623938307199
135,1622,4.05415810747866,0.951220136449999,3.54484792518929,14.3713739556851,3.54484792518929,4.02628164093536,10.5911125849286,3.98947035347348,0.0347913847027972,2.48598931293142,0.521327423875391,0.99864338180506,1.10900874900209,0,1.65120618372697,1.65120618372697,16.6501463521972
136,913,4.07292861952222,0.797167812971922,2.407858629927,9.80703632559323,2.407858629927,2.83645655549794,8.22987365127196,7.22845566799316,0.0509838021803957,2.00695576102748,0.0654888451509935,0.799116122799078,1.01765667247033,60,74.8869147160988,74.8869147160988,66.6469324367798
137,1611,4.09144501799973,0.918978420972317,3.3651982096559,13.7685234494782,3.3651982096559,4.0247175632488,9.60536036765724,4.25029432325566,0.036314714634048,2.42605043638052,1,1,1.43950861735482,0,176.923661496808,176.923661496808,176.685371391786
138,1605,4.09375826787845,0.807579326435835,2.4120234982821,9.87424113840946,2.4120234982821,2.56953181976573,6.92486693423996,6.92486693423996,0.0506368026657834,1.64370147030105,1,1,0.888250422926406,150,128.749235721429,128.749235721429,159.136168463631
139,615,4.10661604002467,0.914204730262712,2.97204441407306,12.2050452624981,2.97204441407306,3.70367271976202,5.82631646294613,7.72463199941361,0.0409666649525935,0.463075141525751,0.399077451570634,0.64708594337821,0.728872500772882,0,96.6697665227462,96.6697665227462,NaN
140,629,4.10672586857732,0.769320775659103,3.09354787997569,12.7043531043787,3.09354787997569,3.92902525604679,5.64081008275106,3.52939245277878,0.0393565887134914,2.42931359196155,0.25516967126193,0.610838187189228,0.974713972601663,90,99.955637872869,99.955637872869,75.4899577642673
141,646,4.25264451227329,0.660538618137836,3.83780902906641,16.3208375066122,3.83780902906641,5.13983185074073,5.03105541754901,3.43810454037403,0.0306356827459027,0.129189463510212,1,0.996172013162902,0.615719491055656,0,94.5335804046351,94.5335804046351,NaN
142,1571,4.33077019335339,0.827503957620714,3.78663483031363,16.3990452562361,3.78663483031363,4.21663565139823,5.15312210269636,4.80261774849884,0.0304895798619657,2.31989350230029,0.0372640576756354,0.125456100662305,0.165244449544492,150,76.2998217387228,76.2998217387228,110.836152049203
143,1620,4.33884256808378,0.630779062566877,1.84544356147174,8.0070890815097,1.84544356147174,2.7338270390507,5.74863548305293,3.66292972793896,0.0624446655844782,0.83290138040004,0.975992383983199,0.526751108331134,0.983274990045516,30,63.8052157457403,63.8052157457403,NaN
144,1450,4.36233441216174,0.843635074654416,2.78097499909439,12.1315429379109,2.78097499909439,3.27497367963083,5.05026924112925,6.80892510889033,0.0412148728780003,0.714752860687259,0.064111850219057,0.190771617694256,0.475565904015354,90,152.908524239007,152.908524239007,NaN
145,1808,4.37141774619556,0.912737783953144,2.70185145076021,11.8109213794374,2.70185145076021,3.16081391102268,13.7823029403393,7.67234953278624,0.0423336997967399,0.928273304817263,NaN,NaN,0.322314544049647,0,88.6366168759817,88.6366168759817,NaN
146,353,4.41416772999098,0.956396291353812,3.32058308050242,14.6576106787078,3.32058308050242,3.51822548741741,9.66236384258483,8.04220673212197,0.0341119716548563,2.36564749443761,0.148656104234818,0.874691751497092,0.893657643263912,30,55.130110118475,55.130110118475,21.7841811275562
147,617,4.4151842082005,0.898626754005586,1.85943243235241,8.2097367115382,1.85943243235241,4.82258009072456,-2.38022456976605,1.47381849506449,0.0609032929518051,1.45124599643938,NaN,NaN,0.837097722250443,0,84.8149678072781,84.8149678072781,162.363998243886
148,245,4.44729010254841,0.875040338457898,3.10812736627378,13.8227440734893,3.10812736627378,3.47820944141926,8.08938860821764,10.3963089739808,0.0361722677741646,1.89727261618821,0.451097363381941,0.426174396476906,1.14815813854577,120,114.022460071676,114.022460071676,153.857490887551
149,1341,4.48795997243415,0.87196201484535,3.39793781259626,15.2498088917525,3.39793781259626,3.85612459177362,7.74626931525606,9.5686557119203,0.032787296126079,1.32960855033263,NaN,NaN,0.354365569860988,0,0.119495104701855,0.119495104701855,90.6372108312274
150,1596,4.52116908907793,0.698931707376523,2.42964917011078,10.9848547252087,2.42964917011078,3.48205078430909,6.30275586329792,3.59527318692662,0.0455172155215281,0.977837238084632,1,1,0.287251394974415,0,74.394990851403,74.394990851403,NaN
151,648,4.53533726443994,0.735669657915673,3.3633579895646,15.2539628237241,3.3633579895646,4.1322649759734,5.65140942052931,2.03264872732303,0.032778367548029,2.16795039140605,0.821125330919167,0.682832150748472,1.30369111734,30,30.7399775169647,30.7399775169647,7.66740835456849
152,1588,4.55818471895726,0.869039898303797,2.57489236920212,11.7368350502567,2.57489236920212,3.3476265801091,6.29331639800058,6.84750756511401,0.0426009224683671,0.662101940073545,NaN,NaN,0.396347990160282,0,74.891258775173,74.891258775173,NaN
153,115,4.6481744875444,0.781182090251991,3.61701060744047,16.8124964266822,3.61701060744047,4.73281169773713,4.44540106829129,3.18416833810362,0.0297397832725469,1.60225876890072,0.0321403890236501,0.175907504311242,0.229546674852225,120,114.594735862619,114.594735862619,146.350439289922
154,1855,4.66363135354025,0.900321009002078,2.63124267358506,12.2711458313044,2.63124267358506,3.19495859256684,13.4454292685355,7.64827726502904,0.0407459911954165,2.20468002226186,0.363491813376499,0.755735253146208,1.13570924881694,60,66.7098855294321,66.7098855294321,56.9131207915415
155,1348,4.75002598683498,0.838322102946156,2.55937054824374,12.1570766140978,2.55937054824374,3.185850150861,10.6069368701564,9.18410334091371,0.0411283087103506,1.9471572730183,1,0.493771547927624,0.941645111883071,90,99.8201718997302,99.8201718997302,135.541266243914
156,1581,4.77648419147757,0.709484067689599,2.27159701961985,10.8502472536218,2.27159701961985,3.57172068962782,6.91107342833838,4.47306121379955,0.0460818991782056,0.693022893907918,0.208415257569799,0.248365132576722,1.23163084778487,120,86.8499591618078,86.8499591618078,NaN
157,1635,4.79553355681622,0.815064963495795,2.69658021008094,12.9315408860897,2.69658021008094,3.41668498761936,7.62939395779082,5.36125362822915,0.0386651524674716,1.66107510500935,0.794437980429931,0.365771058090273,1.14358815070917,150,77.6555589416506,77.6555589416506,99.8114134784981
158,1083,4.79572804458427,0.823269118378415,2.57278845402756,12.3383937417626,2.57278845402756,3.05927249221416,9.88966236507129,6.10472569893272,0.0405239134416352,1.18639651509079,0.751529900153885,0.916583332208425,1.6382338262546,90,92.1019283742367,92.1019283742367,93.2746734459358
159,1821,4.8936908022531,0.639426957001878,4.44599153972877,21.7573079048658,4.44599153972877,5.72883401781169,5.65324908699693,5.79293211540622,0.0229807843041179,1.36584447869533,0.368429738427263,0.774439871534111,0.896871866492604,150,146.219019548037,146.219019548037,106.074607092879
160,1646,4.93797138128747,0.866511499584139,2.58879157395737,12.7833787043196,2.58879157395737,3.00596103564165,8.28914618160212,6.46238784885058,0.0391132901218865,1.69868797814238,0.989419066029098,0.32987073838504,1.37102032078519,120,72.017554300863,72.017554300863,90.8941762541064
161,1818,4.94759262901838,0.80076859731903,3.90664044499128,19.3284654698639,3.90664044499128,4.7804166817286,5.00706744515015,5.00706744515014,0.0258685823134577,3.24737742059394,0.199816081334515,0.237596471278926,0.191169704087651,150,70.0512601490518,70.0512601490518,55.0233964440139
162,118,5.0200418781966,0.925391476449302,2.58255347456349,12.9645265949908,2.58255347456349,3.15495544948451,6.67279380369983,8.88836212122705,0.0385667765295177,0.766836703678818,NaN,NaN,0.543186253845517,0,93.3258252826456,93.3258252826456,NaN
163,252,5.07714324221975,0.797910008019648,2.67538358309053,13.5833056792338,2.67538358309053,3.20958696737048,6.63273710088433,6.13494095581948,0.0368098908916114,1.95873512171387,0.918713800679049,0.66579460734647,1.72777578066952,90,79.1324762234104,79.1324762234104,55.5411217359811
164,801,5.08789486253994,0.809059446337195,3.29418661215195,16.7604751402158,3.29418661215195,4.03388816584016,6.8251702781366,3.90778853306468,0.0298320898314081,0.694256553965622,0.760143085757319,1,1.30517653383849,30,58.1710277748861,58.1710277748861,NaN
165,1095,5.17000688571904,0.805405976996992,3.75854601815375,19.4317087941468,3.75854601815375,4.28695343122116,6.07179274890472,3.98067807732009,0.0257311390005294,1.16118360332645,0.471919970332582,1,0.269287948363809,30,46.9198363882773,46.9198363882773,65.0213964416484
166,130,5.17440736899751,0.781415736975121,2.48222178043241,12.8440266721556,2.48222178043241,2.88881872001111,7.75109401563858,6.4596357113371,0.0389286018133196,1.55804597279143,0.737805412032578,1,0.806411871017177,90,53.1966963778169,53.1966963778169,68.893307267468
167,126,5.19160260478096,0.85324327541234,2.46978054425313,12.8221191067819,2.46978054425313,3.47648175620858,5.81411548278239,6.73510327251874,0.0389951142893018,0.158931873957299,NaN,NaN,0.439449982919711,0,101.567658431988,101.567658431988,NaN
168,1235,5.30819278029658,0.927513161669907,2.71783950333544,14.42681602961,2.71783950333544,4.16195989044162,12.7972069460677,6.95659144878249,0.0346576818456536,0.619715751345252,0.322393940009342,0.3545024220376,0.510111621302275,60,111.892725330129,111.892725330129,NaN
169,1816,5.3230774779648,0.88889831310463,4.4397243723355,23.6329968147505,4.4397243723355,4.83345387220201,6.4921609549021,6.07291478883872,0.0211568597888494,2.62051976629265,0.31943897864616,0.766124778113251,0.379613582919191,90,61.8806213566138,61.8806213566138,47.132234820233
170,60,5.3595952305152,0.874815519940353,5.28642159538293,28.3330799691069,5.28642159538293,6.27524329755213,6.57192572975014,3.72402033543154,0.017647216629649,1.28777428254237,NaN,NaN,0.299216465157033,0,48.2657573283835,48.2657573283835,82.4155494726692
171,1086,5.44222695333657,0.682128922421981,2.26964465478183,12.35192131475,2.26964465478183,2.70481748505395,6.39288242797968,5.49733849514301,0.0404795324758853,1.62522573818565,0.769198649503108,1,1.09867242510574,60,53.486334940426,53.486334940426,80.1778721843274
172,911,5.45215266215372,0.673662562660594,2.29228688614826,12.4978980487333,2.29228688614826,3.94119202792518,4.03777281019042,2.12410587466779,0.0400067273753027,1.8396608741425,0.145241364740678,0.271516697519072,1.34519004521361,120,71.2635139632913,71.2635139632913,26.387742578985
173,1563,5.47235471792044,0.862028314270828,3.03818206556994,16.6260099604229,3.03818206556994,3.30059175995587,9.55479141618932,11.0525553505761,0.0300733610283054,2.17732072268088,0.584231342727465,0.42385304250598,1.00899872034985,90,97.096353036375,97.096353036375,128.66212125637
174,232,5.50039975233664,0.839887171668729,2.34830879589216,12.9166371193352,2.34830879589216,3.81320195306599,6.87511465326812,4.57032067282038,0.0387097659693126,2.16004222508678,0.648064647321981,0.120761049726936,0.764251117029859,60,101.493624320115,101.493624320115,112.547774329008
175,1330,5.62473823172817,0.730048612384506,3.50853682747613,19.7346012309313,3.50853682747613,5.30087366146582,5.97465912188244,3.22855844868235,0.0253362099466352,1.45362486504121,1,0.423341576174605,0.850243840613067,120,173.943720559709,173.943720559709,150.020467292535
176,1584,5.69859121167219,0.710290107265121,4.27579939488291,24.366032854553,4.27579939488291,5.90494528097759,3.93080463705956,2.93778006751615,0.0205203696056976,2.70816712198286,NaN,NaN,0.0421832056784941,0,119.781030266328,119.781030266328,72.662935767519
177,107,5.70106145524231,0.91943874754848,3.12015309119505,17.7881845226672,3.12015309119505,3.496489474628,13.432230243263,12.6619037443344,0.0281085458363026,2.12640500526029,1,1,1.26529316179806,120,102.703859260936,102.703859260936,92.0881909326773
178,1822,5.70361937168723,0.823052193109301,2.73976454923347,15.6265741568699,2.73976454923347,3.47265689063496,7.35441449614759,7.32153860876462,0.0319967764514901,1.2464356118606,0.38658499266316,0.599875368268239,0.350820706868752,90,146.237851756579,146.237851756579,61.7621933413291
179,1599,5.73493338712164,0.885467344924015,1.57783880534852,9.04880044428932,1.57783880534852,3.6321808950662,-3.73966067346658,3.55521980730182,0.0552559428267146,5.00562267165613,0.331387043151053,0.363442571420942,0.923712503482377,0,142.333061382343,142.333061382343,177.284057330966
180,468,5.79485468811351,0.88930133048662,2.47440077497999,14.3387929311645,2.47440077497999,6.18796836342296,-2.02069612623681,1.43729553496911,0.0348704387043124,3.88609934689192,1,1,0.595563859748967,0,97.7186571563693,97.7186571563693,8.63837854184121
181,800,5.83758383003336,0.888472284728864,1.75496103635897,10.2447321681877,1.75496103635897,3.56126488164564,-2.01176666293341,2.07316770142859,0.0488055706866225,3.59700437236906,0.282148931845655,0.929859925502406,0.527409529837808,60,51.0140971118629,51.0140971118629,172.889141068709
182,808,5.914919839257,0.846956365955763,2.65834685894468,15.7239085755984,2.65834685894468,3.00855982524038,6.06884531116226,6.06884531116226,0.0317987094364018,2.06654849644555,0.869706377543855,0.0862854145280738,1.35515837166337,150,74.2803710376573,74.2803710376573,85.4973497229055
183,1642,5.98878966611914,0.687509932541354,2.00937720136511,12.0337374188708,2.00937720136511,5.98267439468486,-2.60080565373093,0.990256532080503,0.0415498512719683,1.40947313434599,0.780711105537092,0.750145758596328,0.942593670278619,150,31.5037919785101,31.5037919785101,49.876381251033
184,1545,6.05015693117389,0.694421216711271,1.73268079437958,10.4829907176275,1.73268079437958,2.97399208268934,4.48560646124467,2.78781137313138,0.0476963123852846,1.83934175136048,0.578586340590516,0.721275935046215,0.03361617577342,90,145.63703482233,145.63703482233,40.8847807391766
185,1252,6.44741363010022,0.782459430966854,2.2017803272051,14.1957884921087,2.2017803272051,3.4016721321811,9.28251920470574,6.05757985714802,0.0352217138398438,0.387517183668576,0.397287848289014,0.529513257511239,0.783640891946217,60,103.732827132413,103.732827132413,NaN
186,1815,6.55402779631851,0.901057522932157,2.23878591555949,14.6730651205833,2.23878591555949,2.92344493030985,9.39724604549652,12.7714357402851,0.0340760431369315,1.23901117043707,0.253416932950243,0.352644516136159,0.424542470078708,30,5.74395241233384,5.74395241233384,79.9654086980506
187,1453,6.66183934160073,0.621897833790238,2.30893872359835,15.3817788262128,2.30893872359835,3.83071678659877,4.89709386277946,3.65000037890464,0.0325059933346542,2.27668008505014,0.0460994474230023,1,0.281221132419456,90,162.252799437475,162.252799437475,98.9707636134772
188,1575,6.80450606294833,0.457604859020821,2.96706712228387,20.1894262227552,2.96706712228387,5.20213535376359,4.24380753509665,2.92312637909833,0.02476543882344,0.734868649102885,0.465760057259542,0.101582223209768,0.32125467467454,90,49.5250030714816,49.5250030714816,NaN
189,345,6.84157784330497,0.584995476427475,2.33411128462103,15.9690040486713,2.33411128462103,3.50148061171808,4.84845665123257,3.32392235577365,0.0313106564740086,1.76647007827937,0.211968990168202,0.0611022769738127,0.215884943404473,90,87.1314149099582,87.1314149099582,86.3970321158571
190,1565,6.88052125887995,0.8272693280072,2.88193020630317,19.8291820510773,2.88193020630317,3.78765615473219,5.36458224887384,6.81420758636429,0.0252153618193665,2.6007041580379,0.474437040528232,1,0.302219506124594,0,164.483965011942,164.483965011942,123.562616771057
191,1608,6.97917815565408,0.573915353541937,1.60879601709958,11.2280740194447,1.60879601709958,2.60146089908357,7.02403944783107,5.77158252315079,0.0445312347544294,0.210129107548,0.188155459592844,0.997058305885903,1.49816609003388,120,42.2151511012429,42.2151511012429,NaN
192,139,6.98350759729539,0.714870196500061,2.66754803143131,18.6288419436509,2.66754803143131,4.33528608761819,5.26523417803895,3.4979262597805,0.0268401010386161,1.52386111872636,0.478404376918434,0.501179591861686,0.749802872790854,0,52.6078202002551,52.6078202002551,70.6917763219477
193,1645,7.12705036122942,0.652517215689568,1.94625662961975,13.8710690151766,1.94625662961975,3.388038343904,6.19370760195801,5.22705932061014,0.0360462484508542,1.6251181523539,0.269666169961969,0.99587463148644,0.780006712530172,90,154.592227504447,154.592227504447,23.8656952465537
194,1614,7.47308781381347,0.762855280717653,1.46107395108499,10.9187339389336,1.46107395108499,5.34130030782574,-2.586856853608,1.16223325565539,0.0457928549954974,2.14016529058734,0.0991189427312774,0.563188451214971,0.471611110182237,120,80.7558570517262,80.7558570517262,100.793742877684
195,797,7.61072791762232,0.881144612050949,2.54031529465075,19.3336485325614,2.54031529465075,5.36133315533286,5.62546707159672,2.09684459238675,0.0258616473325202,1.29345451712332,1,1,0.966724847196359,150,71.3630196901608,71.3630196901608,98.6687232548516
196,1852,7.68615586287754,0.698534181447934,1.76523763972342,13.5678916339323,1.76523763972342,2.94590659609431,6.1711039983241,4.76764130832011,0.0368517094247376,2.45384299194398,0.160368081379068,0.953182443061615,0.570621737068974,0,168.98134772409,168.98134772409,26.1267458608591
197,71,7.97831552682153,0.738949705181087,2.16055301465494,17.2375736633426,2.16055301465494,3.3735636745445,6.44353204912385,4.13513585994012,0.0290064025114683,1.54511976598607,0.570358034970858,0.269665677437632,0.554733984905175,90,15.1925182064054,15.1925182064054,37.4750785680398
198,121,8.14070395716729,0.887732124101381,1.87533258563308,15.266527400868,1.87533258563308,4.18911722053092,-5.50956941154142,2.39437811605094,0.0327513904682457,2.28432452436405,0.293720919857555,0.5823543444274,1.25557100760143,90,61.5684478035619,61.5684478035619,7.92632501084995
199,129,8.20645219885273,0.831684145391787,2.69534897913448,22.1192525564936,2.69534897913448,3.54946631761074,5.31195683506861,5.55473674804581,0.0226047421233144,2.06063434281754,NaN,NaN,0.532231262177957,0,85.7510720802992,85.7510720802992,64.8576262770798
200,94,8.55268620419197,0.921094665806984,2.58973620682141,22.1492011285779,2.58973620682141,3.51263358999462,10.9690455749325,5.17426554570831,0.022574177601145,1.85282750306339,0.0419701327761647,0.184495344764415,0.27462395353489,30,111.655658974017,111.655658974017,36.7611810914646
201,1851,8.64014950566587,0.734757885719688,1.92661286736904,16.6462232136081,1.92661286736904,2.99242436393546,4.9826358806914,4.79708232034382,0.0300368434078942,1.38344282020663,0.385924635845472,0.404679439354594,0.161962512082155,0,120.621093805891,120.621093805891,109.620874387346
202,1510,8.88261590452522,0.747199186221263,1.58609312300089,14.0886560004258,1.58609312300089,5.69106934521894,4.86712603709133,1.08834751406018,0.0354895456305335,0.83347446410662,1,1,0.160186233820611,0,134.055810977224,134.055810977224,NaN
203,131,9.54096527359281,0.921513303794646,2.69082171854715,25.6730365740876,2.69082171854715,6.19275814644094,11.5874384421797,0.83034326929389,0.0194756860395961,0.554233770675923,0.472965409157058,0.963179005051269,0.433693331369471,30,3.89392058068249,3.89392058068249,NaN
204,1861,9.5772446456903,0.92181393288461,2.73795510573353,26.2220658765268,2.73795510573353,3.68866638849998,7.74070549561426,11.9008839051737,0.0190679102994545,4.6831104821206,0.144016035100456,1,0.89932543923471,0,8.76380222178597,8.76380222178597,179.46075010036
205,1842,11.3710312016683,0.817709712318384,2.45497600319537,27.9156087316815,2.45497600319537,3.62877260585665,7.14925592660106,4.7900848054316,0.0179111265244432,1.24186345890561,0.659697554044453,0.675480414092354,1.57724446485033,90,83.4107054313724,83.4107054313724,143.33315979967
206,914,11.4501670195291,0.636717241982434,1.7994880374181,20.6044385780818,1.7994880374181,3.81839866431526,4.58750678394585,3.70625337316201,0.0242666160548476,3.21427207733986,0.0710840656823858,0.868965762645991,0.235432004993664,120,178.319423961685,178.319423961685,3.28926504482646
207,1322,12.1927153522691,0.777870076692601,1.63741746908356,19.9645651133687,1.63741746908356,2.80030501062273,6.3710237773401,4.23842258693186,0.0250443722245265,0.696246939333205,0.586793409708586,0.32129193176774,0.717866433957491,90,74.426626233686,74.426626233686,NaN
208,1797,13.2723683180973,0.722691428870663,1.61520736008257,21.4376269931175,1.61520736008257,4.01522739182344,-5.42552293204054,2.62826072787891,0.0233234769949362,1.09699748138633,NaN,NaN,0.421814631403233,0,143.313903920051,143.313903920051,87.8742644901413
209,457,13.9850004248262,0.879320801834886,2.05845455237939,28.7874877895112,2.05845455237939,3.27196983129908,-5.69416533735033,8.85026806763768,0.0173686569545737,3.96926422419509,0.800422040712376,1,0.600723913777366,150,168.553134072641,168.553134072641,119.675291896833
