cellID,DoG_effectiveAR,DoG_majorAxisPix,DoG_minorAxisPix,DoG_effectiveThetaDeg,DoG_R2,Gabor_AR,Gabor_R2,Gabor_AR_raw,AR_difference_DoG_minus_Gabor,AR_ratio_DoG_over_Gabor,DoG_larger_AR,Gabor_larger_AR
60,1.25795280704634,3.00781062744769,2.39103614269124,33.6116753448862,0.86981269431986,1.30173363223832,0.855373047099906,1.30173363223832,-0.04378082519198,0.966367293501744,0,1
68,1.31348932149379,3.48012933279793,2.64952997778473,5.35054089448604,0.853246727176873,1.71082444928326,0.838195530629719,0.584513507752912,-0.397335127789466,0.767752250702327,0,1
71,2.23154967800879,2.05231439428905,0.919681248647051,85.3771102191173,0.571179645954995,1.90936470594382,0.574524239564588,1.90936470594382,0.32218497206497,1.16873935663627,1,0
81,1.27983583255538,1.84324788853308,1.4402221297811,29.7248085079142,0.695355470510302,2.09852022247794,0.768817634113053,2.09852022247794,-0.81868438992256,0.609875386878162,0,1
93,1.4594749983946,3.01498179806634,2.06579886697804,59.6413964908061,0.72588209718678,1.34700574248851,0.694513469290273,0.742387332479043,0.112469255906087,1.08349575087802,1,0
94,1.82748043827314,2.60749633193415,1.42682585122393,132.706960701453,0.880015113841712,1.66583816571071,0.882284209518084,1.66583816571071,0.16164227256243,1.09703359899517,1,0
95,2.28913157090609,3.78994613516415,1.65562616991211,16.5131815573469,0.841972642442982,1.14110212499823,0.80710960826847,1.14110212499823,1.14802944590786,2.00607072825286,1,0
107,1.45464820706527,3.1360232093894,2.15586366116401,104.666612279375,0.88517735353785,1.17182689756417,0.880217766716111,0.853368361895993,0.282821309501099,1.24135075759823,1,0
115,2.30319856033935,4.11190816464368,1.7853033756837,6.68176712718321,0.770504024893451,1.69384142704089,0.678519537900836,1.69384142704089,0.60935713329846,1.3597486302853,1,0
118,1.66220412325313,2.59424045593621,1.56072315045096,178.059618940481,0.891697920124176,1.04000553196209,0.912901934599888,0.961533346955745,0.622198591291038,1.59826469395522,1,0
121,1.53160674914331,3.29390003439419,2.15061734106133,143.91437286345,0.855663979302371,1.26131831421037,0.822925833041651,0.792821279714818,0.270288434932943,1.21429042287565,1,0
123,1.41446724395295,2.36988877687814,1.67546388013562,96.8747298500994,0.635590235785623,1.66981035954568,0.713723877720727,1.66981035954568,-0.25534311559273,0.847082565913531,0,1
125,3.63409448634943,2.73115655792214,0.751537024747443,176.891911173182,0.698385982024074,1.21315947559912,0.748834379216599,1.21315947559912,2.42093501075031,2.99556205053316,1,0
126,1.65385764867169,3.51663934392137,2.12632528969212,173.91915183845,0.815651955182764,2.99999999999998,0.754537273246116,2.99999999999998,-1.34614235132829,0.551285882890567,0,1
127,1.51380309549036,1.46105226439739,0.965153439539053,178.583421771519,0.582918545721766,1.70929579939102,0.582432872482748,1.70929579939102,-0.19549270390066,0.885629682135585,0,1
129,1.31055544562245,2.9065861433179,2.21782767987921,14.1985941066529,0.82785438040581,1.08096635402506,0.706060140140431,0.925098173755759,0.229589091597395,1.21239244935099,1,0
130,1.5828119327845,2.23165957713852,1.40993350562663,94.2875350147489,0.718078892954634,1.03118851964121,0.708022249083076,0.969754783875927,0.551623413143289,1.53493944379367,1,0
131,1.16450227873443,1.67541638979409,1.43874032742548,88.326841838092,0.901510129284375,1.45075771145969,0.905065008341678,1.45075771145969,-0.28625543272526,0.802685568745148,0,1
132,1.54122586058536,1.84260219413339,1.19554326283726,175.163909616378,0.950643112982919,1.17014496437833,0.953152658280934,1.17014496437833,0.37108089620703,1.31712386713058,1,0
133,2.51151179092596,3.35361409931034,1.33529697587998,13.4841385047975,0.816696711226435,2.0573380539817,0.821531382197958,2.0573380539817,0.45417373694426,1.22075795276584,1,0
135,1.66575126773248,1.51710928272912,0.910765798061973,2.13971117768784,0.711383565368961,1.26232840654764,0.825460201076989,1.26232840654764,0.40342286118484,1.31958629710961,1,0
137,1.83098000987164,2.73490762572986,1.49368513636673,7.46628548876157,0.766777430032902,2.11971802162509,0.642527432678898,2.11971802162509,-0.28873801175345,0.863784706829974,0,1
139,1.46430569290481,2.50980580603747,1.71399033562361,42.7794624661446,0.553494877868012,1.90329897366459,0.583736000720996,1.90329897366459,-0.43899328075978,0.76935138050616,0,1
140,1.14474872780546,2.69409161627092,2.35343490744526,42.6052961812779,0.68048243797057,1.7968135819987,0.675819238143047,0.556540761945734,-0.65206485419324,0.63709932920926,0,1
230,1.61179307589677,2.32216895062846,1.44073639808661,161.273224469556,0.949799619396569,1.15152641531542,0.936295784291285,1.15152641531542,0.46026666058135,1.39970134810609,1,0
231,1.91744145949482,4.22618262004597,2.2040738710007,3.58683588171098,0.613557219288243,1.16441413764097,0.645592278031122,0.858800977825585,0.75302732185385,1.64670060033747,1,0
232,1.55271860427129,2.51442160895073,1.6193672195554,41.2679476762624,0.559568583947694,1.07981501690401,0.54266136169745,1.07981501690401,0.47290358736728,1.43794870414302,1,0
244,1.67253815551159,2.95712398525944,1.7680457546004,33.3276920466453,0.52925380043895,2.99999999999998,0.52865691787002,2.99999999999998,-1.32746184448839,0.557512718503867,0,1
245,1.69583763636554,2.45560557621185,1.44801926997836,126.196959746832,0.844878534294632,1.11625824308254,0.795411166109371,1.11625824308254,0.579579393283,1.51921622695703,1,0
250,1.04333509936967,2.01024821137086,1.92675221276975,178.471664558807,0.843438847010427,1.53702671894582,0.842671862766584,0.650606777145589,-0.493691619576152,0.678800886483774,0,1
252,2.01209857431761,3.08150041172802,1.53148580842919,150.946208863592,0.746762224533978,1.2082246452859,0.726413990902035,1.2082246452859,0.80387392903171,1.6653348217719,1,0
322,2.30932972491603,4.18461280837582,1.8120464839762,6.84861199406026,0.731460160545992,1.44598946850382,0.728108409485142,1.44598946850382,0.86334025641221,1.59705846772558,1,0
328,1.37517132995745,2.20205567664387,1.60129551036525,130.038571657083,0.724575211480537,1.02167034353646,0.711393155884118,0.978789299627268,0.353500986420992,1.34600298291655,1,0
329,2.42240085792095,3.44310155796601,1.42135912258596,151.500782543041,0.776695281372564,1.14656337689766,0.806109750918886,1.14656337689766,1.27583748102329,2.11274920055045,1,0
331,1.43661865222537,3.2172198146172,2.23943898377876,19.4942616381325,0.877502924837848,1.19314657987651,0.870746339585821,0.838119990339748,0.243472072348865,1.20405881092503,1,0
345,1.57474679759077,1.80072068988475,1.14349855649156,16.030785704003,0.458016680490807,2.27830528701455,0.491682970773651,2.27830528701455,-0.70355848942378,0.69119217980409,0,1
353,1.90024278987926,3.71652770874701,1.95581729268562,0.343817999869572,0.94337859551735,1.05939072071018,0.888725856039982,1.05939072071018,0.84085206916908,1.79371288867378,1,0
358,1.37457971292438,2.02597498901177,1.47388686880993,14.0167642123234,0.887595696533015,1.02833745189974,0.883365824427395,0.972443431047477,0.346242261024643,1.33670101228444,1,0
362,2.40254677495829,5.07742006816111,2.11334910149637,125.034542658614,0.370685603315794,1.71237771660212,0.370839671502081,1.71237771660212,0.69016905835617,1.40304720837274,1,0
363,1.69729266110295,2.19678127462414,1.29428549652516,27.4940222924454,0.866777948690767,1.08705736774555,0.829728086773737,1.08705736774555,0.6102352933574,1.56136438744072,1,0
375,1.37301772628135,1.78302459240242,1.29861731445487,52.3697268114763,0.707588201342689,1.20252902516565,0.671821504448351,1.20252902516565,0.1704887011157,1.14177512355032,1,0
378,1.14930085646612,1.68452451862366,1.46569499983081,27.4784997686598,0.555806365261369,2.99999999999964,0.651319763801219,2.99999999999964,-1.85069914353352,0.383100285488753,0,1
445,1.34620040878033,2.83786654539542,2.10805651735506,53.2253047732684,0.752442266948672,2.11259551618763,0.711407828018257,2.11259551618763,-0.7663951074073,0.637225819360665,0,1
446,2.63614127143135,3.48543027734354,1.32217127933021,7.15290657669837,0.741363454105401,1.28906127426965,0.781091303581031,0.775758313402579,1.3470799971617,2.04500850661651,1,0
457,1.77131817070934,3.78653631691243,2.13769405154133,27.9826415371222,0.847732515847733,1.69680250385901,0.856725935851681,1.69680250385901,0.07451566685033,1.04391534470326,1,0
461,1.73891010038756,4.7501222592169,2.73166638008383,174.424711680037,0.930973403336646,2.00820166953239,0.744159834370322,0.497957956699066,-0.269291569144826,0.865904120472357,0,1
462,2.57521436674382,5.98382187189279,2.32362087955377,29.9041558082633,0.35174162077228,3.33333333333299,0.243900365876188,0.300000000000031,-0.758118966589169,0.772564310023226,0,1
468,1.92381795301296,3.4988549608754,1.81870376840788,172.154869008664,0.885316284362225,2.55915057873271,0.877323487974363,2.55915057873271,-0.63533262571975,0.751740819395486,0,1
469,1.17805132699423,2.35255262560284,1.99698652486162,40.121616828098,0.829299648755102,1.28095251597492,0.829886110216543,1.28095251597492,-0.10290118898069,0.91966822524848,0,1
470,2.54352136375844,5.40527458502078,2.12511467842899,4.14887951967509,0.744934722410304,2.04618664481747,0.778005989031601,0.48871397070877,0.497334718940973,1.24305442526497,1,0
479,1.91995099353998,2.78162767504259,1.44880139357821,0.391847609056924,0.823724366046922,2.96572197922112,0.780682080868679,2.96572197922112,-1.04577098568114,0.64738064019211,0,1
599,1.74802605850486,2.15285702023381,1.23159320752645,10.3999439199534,0.90129587932668,1.15746460614039,0.920868387485386,1.15746460614039,0.59056145236447,1.5102198799268,1,0
600,1.89225485646807,3.6823196678706,1.94599562277975,8.77276346133826,0.623299538714854,1.85838836389918,0.697075027177839,1.85838836389918,0.0338664925688898,1.01822358190934,1,0
614,1.61248324671782,2.22796778911408,1.3816998059664,26.7118528990323,0.65896064421068,2.03976692636673,0.648237141743605,2.03976692636673,-0.42728367964891,0.790523282770353,0,1
615,1.71226449752226,3.44880856221088,2.01417979944191,172.603833960731,0.889622568485581,1.09656821208155,0.883401113779903,0.91193597350571,0.615696285440715,1.56147559144723,1,0
617,1.65792573831472,2.10189465809273,1.26778576960226,7.85131272998973,0.82204851334358,1.29287091500492,0.858193764506544,1.29287091500492,0.3650548233098,1.2823598389236,1,0
621,1.48421418807788,2.47573041107256,1.66804119712583,7.23649141891656,0.862842180477877,2.99999999999996,0.841760521357704,2.99999999999996,-1.51578581192208,0.494738062692633,0,1
622,3.60625482046219,4.41778404138064,1.22503379858621,166.577223293092,0.866042964134386,2.99999999999839,0.708757939328119,2.99999999999839,0.6062548204638,1.20208494015471,1,0
629,1.71309861369025,3.50487696353537,2.04592831698426,149.038395634712,0.815047462726744,1.82424078630306,0.686205533806873,0.548173249665449,-0.111142172612806,0.93907483406396,0,1
632,1.67231222726461,3.57452961143603,2.13747741190822,177.541024661611,0.704138036743059,1.58421617998822,0.775086032508243,0.631226983180688,0.088096047276387,1.05560860215242,1,0
637,2.62410210155027,3.10104170757323,1.18175344844287,6.72977858588115,0.648282847486783,2.99999999999998,0.643558438600081,2.99999999999998,-0.37589789844971,0.874700700516763,0,1
646,1.80038640710582,2.39279867475311,1.32904728968689,165.621139783207,0.65796360627743,2.99999999999998,0.666874593776845,2.99999999999998,-1.19961359289416,0.600128802368611,0,1
647,1.63138813892893,3.21833356176828,1.97275773004041,172.194134927516,0.718647756943491,1.62244451571183,0.66618116157972,0.616353897046065,0.0089436232171034,1.00551243702357,1,0
648,1.73917743544467,2.73064447137555,1.57007813908153,155.073677751096,0.714186978757345,1.22578887723069,0.706234644909093,1.22578887723069,0.51338855821398,1.41882298636437,1,0
649,1.58439846646307,3.14730378476447,1.98643450582879,148.122584067382,0.848446044842869,1.70582308357965,0.782552405876868,0.586227264495397,-0.121424617116578,0.928817578865348,0,1
654,1.63418985346621,2.74812219999383,1.68164194274301,36.0786461274608,0.820490103900483,1.01765493547743,0.668839528543459,1.01765493547743,0.61653491798878,1.60583887179748,1,0
657,1.25001500883586,2.67208165326576,2.13763965582644,158.447342416347,0.856598471805114,1.2171938279669,0.857513679371482,0.821561839226801,0.032821180868956,1.0269646297203,1,0
659,2.83663959916534,3.11022834679576,1.09644818739431,170.946494817724,0.841083788169184,1.50691026666653,0.771774392549694,0.663609520832401,1.32972933249881,1.88242104517633,1,0
664,1.56475366696034,2.40556496251488,1.53734419244908,30.2466812931817,0.850572355865475,1.25032631405306,0.809374743098143,0.799791213510011,0.314427352907275,1.25147623414245,1,0
743,1.64590562738121,1.91725445981667,1.16486293498321,176.452101981029,0.873282856696081,2.52349469040575,0.865647012118252,2.52349469040575,-0.87758906302454,0.65223264928549,0,1
744,1.41522966954799,3.9734464087266,2.80763362599349,6.57813508709424,0.6688951253582,1.17939818302813,0.705678050768826,0.847890063246049,0.235831486519856,1.19995917402073,1,0
748,2.49017963503509,4.494465424055,1.8048759859815,7.01384559992377,0.650467861256605,2.94725046994221,0.568691725918354,2.94725046994221,-0.45707083490712,0.84491618898068,0,1
766,3.59658811335633,4.34335503453163,1.20763203837607,158.498461112131,0.631153880589631,2.37831516672235,0.638000664449743,2.37831516672235,1.21827294663398,1.51224201219426,1,0
771,2.5668455263629,4.45258992964971,1.73465441683935,28.6541497625612,0.784448962776945,2.99999999999931,0.834316759488649,2.99999999999931,-0.43315447363641,0.855615175454497,0,1
772,2.03035795768599,2.74483615365182,1.35189765098373,11.6999121559098,0.817578367729151,2.99999999999986,0.788272123951736,2.99999999999986,-0.96964204231387,0.676785985895362,0,1
775,1.50104634725485,3.38112372100204,2.25251120805532,153.634778810848,0.562769407388201,2.99999999999998,0.560301438928337,2.99999999999998,-1.49895365274513,0.500348782418287,0,1
776,1.46042821930116,1.98102394292946,1.35646786110269,4.87968784914358,0.847820556454521,1.17133403618158,0.855775272403533,1.17133403618158,0.28909418311958,1.24680763487587,1,0
778,1.99987732032356,3.13059652102718,1.56539428154557,22.7156683597674,0.764658407418253,1.21430474667294,0.671251648766098,1.21430474667294,0.78557257365062,1.64693197963938,1,0
779,1.84253058018189,3.22205688498689,1.74871284072193,170.349795880191,0.825422420899661,1.28113814982102,0.747754348735846,0.780555945617343,0.561392430360869,1.43819819934275,1,0
783,3.11269015992009,3.30676466232805,1.06234944451167,2.21169090323755,0.605495036161031,3.33032134484217,0.591930905072742,0.300271324131753,-0.217631184922084,0.934651595931083,0,1
792,2.15548987323835,3.76103631387393,1.74486382913201,20.9444958200892,0.63764152242406,2.97489264949948,0.579530652190241,0.33614658336268,-0.819402776261128,0.724560556361928,0,1
793,3.36180079840303,3.34947292955412,0.996332956772821,120.427548026148,0.365693590570965,1.08996703383898,0.3577375195313,1.08996703383898,2.27183376456405,3.08431419853352,1,0
797,1.89746023670868,2.03107044922564,1.07041528983433,10.6069163140836,0.71853223154132,2.99999999999998,0.772299867878044,2.99999999999998,-1.1025397632913,0.632486745569564,0,1
798,1.73631806318184,2.73419498299792,1.57470859802463,26.0418271323124,0.68014204918814,2.19721068614146,0.747558073749369,2.19721068614146,-0.46089262295962,0.79023740150791,0,1
800,1.78831591359273,2.26912277107153,1.26886013473585,29.3503679251979,0.859948289770748,1.99589419327869,0.845010503308325,1.99589419327869,-0.20757827968596,0.895997352773011,0,1
801,1.30047566454242,1.8926651986232,1.45536379513041,40.3478570059362,0.780054273174508,2.10814776363911,0.809410264946788,2.10814776363911,-0.80767209909669,0.61688069829485,0,1
808,1.60320022045172,2.70523931480292,1.68739954017764,84.7526272277123,0.788018779855954,1.07415709581748,0.782004126522052,0.930962522980827,0.529043124634239,1.49251932207515,1,0
870,2.86162776165649,3.01230273472473,1.05265358936168,174.234058368198,0.78568685705009,1.49261431618436,0.754019582398446,0.669965435248102,1.36901344547213,1.91719168885624,1,0
890,1.45539356325919,1.74150436012207,1.19658654819262,22.4656507567842,0.807779882247959,2.99999999999998,0.784791907007153,2.99999999999998,-1.54460643674079,0.485131187753067,0,1
911,1.21187510258725,2.88880003295398,2.38374402344486,7.50691674151963,0.503982789335518,1.65012429006808,0.497645550585594,0.606014956581691,-0.438249187480828,0.734414437676845,0,1
912,4.51188278935344,3.85362263612968,0.854105218606956,168.622459780324,0.703943844045724,1.82181981993009,0.737425538512026,0.54890170205656,2.69006296942335,2.4765801425558,1,0
913,1.28667553288697,2.32280330228652,1.80527510076666,147.110439124673,0.735104861249252,1.02419995461942,0.72317305840126,0.976371845643743,0.262475578267551,1.2562737647895,1,0
914,2.00332200627198,4.52848787042673,2.26048925547116,79.9717623255387,0.233092470523112,2.08387899215482,0.311709578952945,2.08387899215482,-0.0805569858828399,0.961342771731894,0,1
915,2.4535046792901,3.50059003350069,1.42677128886241,9.5970718062751,0.512760847784673,2.14478718841029,0.497552050195048,2.14478718841029,0.30871749087981,1.14393851872485,1,0
919,1.29986804605777,2.58005554939575,1.98485958418666,135.769410565539,0.793323085516824,1.24284340534914,0.790761420500775,0.804606594600773,0.0570246407086297,1.0458824019689,1,0
1015,1.96230164072012,3.41852745408656,1.74210089985556,9.59593810017557,0.904205867754104,1.24878432989812,0.898192119682723,0.800778786262945,0.713517310822002,1.57136952613764,1,0
1078,2.07518015154716,2.3752269506848,1.14458831389359,0.462242277913305,0.874101509023149,2.4220224824205,0.853546551138373,2.4220224824205,-0.34684233087334,0.856796403257696,0,1
1080,2.16548122664066,3.25465026941145,1.50296859163283,176.981008897571,0.529607896840509,1.10798121180235,0.608935474054064,1.10798121180235,1.05750001483831,1.95443858034206,1,0
1083,1.14646747411305,1.66787416274451,1.45479413974203,60.2761785912418,0.773355819763474,1.19480390095854,0.775813687567144,1.19480390095854,-0.04833642684549,0.959544468505073,0,1
1086,1.70624273039695,2.10756815857966,1.23521004428798,70.9916459891424,0.605810471761325,1.06672904289006,0.590562003580411,1.06672904289006,0.63951368750689,1.5995090241232,1,0
1095,1.50221188265542,2.34610816074069,1.56176914044479,38.1693945353055,0.794375193205352,2.53784314047105,0.792682038110363,2.53784314047105,-1.03563125781563,0.591924638169952,0,1
1235,2.13799508709719,2.50342411720145,1.17092136100294,147.549769043798,0.818435887573383,2.63732314757721,0.863077322342676,2.63732314757721,-0.49932806048002,0.810668608835921,0,1
1240,1.78839626112838,4.48871893414968,2.50991294922387,22.9040774067708,0.839205649613586,1.06128362931226,0.731133743798806,1.06128362931226,0.72711263181612,1.68512564571198,1,0
1248,2.05824360357715,4.36188490306959,2.11922675017126,25.0859067661133,0.772934092369135,1.267570623466,0.730139643147926,0.788910678022528,0.790672980111151,1.62377035683358,1,0
1252,1.38839263140504,2.83495051681587,2.0418939518189,162.066956359077,0.754124951741266,2.88338802526911,0.608262369325618,2.88338802526911,-1.49499539386407,0.481514322469817,0,1
1255,1.82627206852325,2.2866214365334,1.25207052987587,133.155996209859,0.716934896142602,2.3731983411547,0.701108820763394,2.3731983411547,-0.54692627263145,0.769540428565554,0,1
1322,1.47574141233705,1.97362901918057,1.33738133434573,173.652903696681,0.331536991782677,1.89205026228011,0.314251666403172,1.89205026228011,-0.41630884994306,0.779969455229289,0,1
1328,1.21631998774054,2.90749373192852,2.390402000488,92.1785263197451,0.644454911964692,1.48793960196892,0.644959997008674,0.672070290135935,-0.27161961422838,0.817452527058922,0,1
1329,1.6909330654886,3.59802316434435,2.12783299219753,173.344179538837,0.72316382156419,1.60757533596717,0.697577592737506,0.622054828552322,0.0833577295214287,1.05185307814596,1,0
1330,1.87252309485552,3.43890282007054,1.83650756005008,11.1958883336616,0.650655104627387,1.49485797151515,0.673249984440485,1.49485797151515,0.37766512334037,1.25264281325508,1,0
1334,2.19370075994662,4.05733069887472,1.84953698925347,9.54623976962469,0.737122245600899,2.04719739641612,0.7340824333831,0.488472680627002,0.146503363530503,1.07156289070462,1,0
1341,1.19714386660755,2.3955875620417,2.00108577495392,57.2863679903945,0.874442431598694,1.57061444696396,0.853713419663825,1.57061444696396,-0.37347058035641,0.762213711278195,0,1
1347,1.39480454820513,3.0361009697485,2.17672144362838,1.51714444854827,0.755707677818312,1.89357808968146,0.692385338505876,0.528100745065243,-0.498773541476333,0.736597321127519,0,1
1348,2.17153722974297,3.26424592965926,1.50319593187248,17.4662636575331,0.747968107621177,1.33183693769095,0.728703796610221,1.33183693769095,0.83970029205202,1.63048280783369,1,0
1353,1.65877014471749,2.83508552301722,1.70914911390576,129.596668959017,0.646328800563124,1.29115706977006,0.618565910685775,0.77449910891019,0.367613074947435,1.28471599897052,1,0
1422,1.45035876381643,2.32237255275371,1.60124005914418,14.0738397429575,0.919264146580171,1.87760606041622,0.86851280747516,1.87760606041622,-0.42724729659979,0.772451045186188,0,1
1430,2.22666289117352,4.45329076473535,1.99998427350102,0.32892226678274,0.744374517555932,1.79934533243351,0.724879754057761,0.555757686962489,0.427317558740007,1.2374850180438,1,0
1431,1.80237851383611,5.66588435904732,3.14355964385543,143.502323042178,0.719008461525206,1.10810871051276,0.643972160227188,1.10810871051276,0.69426980332335,1.62653582336889,1,0
1438,1.28939277762821,1.98426438634714,1.53891383663333,8.34262428041535,0.749799783842899,1.22553749855071,0.773123005427415,1.22553749855071,0.0638552790775,1.05210389657845,1,0
1440,2.11312523683198,3.11187170161267,1.47263950445172,177.654139425519,0.448482466731793,2.99999999999996,0.494068055923299,2.99999999999996,-0.88687476316798,0.704375078944003,0,1
1443,1.52599334354197,4.03924740721183,2.64696266488055,174.837971518028,0.775033075194508,1.06213803247657,0.773432574092411,1.06213803247657,0.4638553110654,1.43671848373967,1,0
1450,1.38467618533216,2.52392307903503,1.82275329479259,104.381810785037,0.841956240721672,1.12331779101487,0.827849463288287,0.890220032121579,0.261358394317289,1.23266647818438,1,0
1453,1.48493377047006,3.90293062626361,2.62835333391881,173.729717646531,0.410804303318323,1.56980381828023,0.360174256876284,0.637022275239163,-0.0848700478101736,0.945935889044307,0,1
1455,2.32813961618843,3.73970886991737,1.60630781930507,140.377440269836,0.57931573935036,1.17065134995812,0.544886345255611,0.854225299476033,1.15748826623031,1.98875576086058,1,0
1510,1.17189664391622,1.15987757833132,0.989743920125302,42.5406481685302,0.566322651206446,1.4666192409093,0.573490118746606,1.4666192409093,-0.29472259699308,0.799046276789364,0,1
1517,1.54308966497943,2.49316340561117,1.61569574483827,176.044151833443,0.918537058990328,1.15725222945289,0.898194251333717,1.15725222945289,0.38583743552654,1.3334082455896,1,0
1532,1.2993884329988,3.05527466135538,2.35131742269264,80.6696550338584,0.777085191803057,1.52918680178164,0.786821899528092,1.52918680178164,-0.22979836878284,0.849725116306847,0,1
1545,1.82443685113378,2.40245705900131,1.31682116457379,118.976949604074,0.650258095252093,1.61280312450927,0.590476773503897,1.61280312450927,0.21163372662451,1.13122105445381,1,0
1546,1.59282083244144,2.81888148128187,1.76974172102028,40.1138393211646,0.712261712133085,1.8817391764837,0.743689931687802,1.8817391764837,-0.28891834404226,0.846462066766264,0,1
1563,1.95530191169666,3.42786699478653,1.75311391774383,28.2923332139828,0.846067491605093,1.14110936564992,0.810958315457473,1.14110936564992,0.81419254604674,1.71350965170899,1,0
1564,2.66668000357034,3.68271036548845,1.38100948016176,16.6325057019767,0.620957763802909,2.01432497819777,0.539145111346796,2.01432497819777,0.65235502537257,1.32385788412168,1,0
1565,2.53412160966545,3.90096889222418,1.53937714644215,177.34105291582,0.774326845439929,2.01269371301444,0.757399441970903,2.01269371301444,0.52142789665101,1.25906967030272,1,0
1566,1.3655572246222,2.97096599042853,2.17564371295424,178.61364092176,0.817057515265135,1.07660547436431,0.832664080958561,1.07660547436431,0.28895175025789,1.26839149264823,1,0
1571,1.84766633844532,4.28522238439775,2.31926203082936,38.5091893453631,0.825320525766688,1.39696548454084,0.776623939146456,1.39696548454084,0.45070085390448,1.32262848215797,1,0
1575,1.40370833091634,5.63742090802631,4.01609136589379,0.0303129530661579,0.476163415871169,1.85808230557631,0.325403556679412,0.538189291722379,-0.454373974659972,0.755460792400668,0,1
1580,1.61719564786774,2.61398383752716,1.6163683355033,161.248399898213,0.856759291228616,1.47089012904274,0.817625681770047,0.679860432982037,0.146305518825002,1.09946733337603,1,0
1581,3.71878348965986,2.93897371662773,0.79030514274348,166.38484750524,0.486203003588954,2.9999999999982,0.49167443696904,2.9999999999982,0.71878348966166,1.23959449655403,1,0
1584,1.63869681365455,4.91217978988225,2.9976135603311,133.212112146336,0.693113413074298,1.30029482918407,0.616457846896067,0.76905635364827,0.338401984470481,1.26025019624421,1,0
1587,1.49847701250065,2.92276311973679,1.95048912686308,158.933131180795,0.770006042606462,2.28249680437693,0.823070849340552,2.28249680437693,-0.78401979187628,0.656507824951676,0,1
1588,1.5201867752253,2.51314930815269,1.65318456199583,170.240794864997,0.805415185400326,2.11977520562645,0.79028720244959,2.11977520562645,-0.59958843040115,0.717145276154905,0,1
1589,1.37947523226674,2.14721255047479,1.5565430246591,161.22270344658,0.844763696883528,1.44016538181583,0.843280778061053,0.694364697712114,-0.0606901495490899,0.957858902654243,0,1
1590,1.79139662957897,2.60970994418663,1.45680186123828,22.2121600851877,0.887698348464232,1.372406574724,0.843830105184862,0.728647048489335,0.418990054854971,1.30529586681646,1,0
1592,2.00638782369675,3.11110673113833,1.55060088303673,161.576034627514,0.805814213361257,1.68413881784514,0.714409676012473,0.593775281113407,0.322249005851609,1.19134349403805,1,0
1593,2.51635100934292,4.4058066469517,1.75087125388845,179.92071641068,0.830113836269325,1.59903395315847,0.819442205891669,0.625377590028506,0.917317056184448,1.57366952988867,1,0
1596,2.8386050851925,2.81053703866294,0.990112028377606,162.461253867145,0.628544570944385,1.72319338354182,0.613900567473969,1.72319338354182,1.11541170165068,1.64729339858425,1,0
1597,1.88991394883423,1.78854276267111,0.946362009643002,2.97803341208146,0.839998369131625,1.16103882805906,0.819267977181139,1.16103882805906,0.72887512077517,1.627778419774,1,0
1599,1.73471548057952,2.52873449967457,1.45772291075064,151.450271437296,0.831534048152595,2.46686448662565,0.80974958973017,2.46686448662565,-0.73214900604613,0.703206637407304,0,1
1601,2.15539746960505,2.86462836476558,1.32904877414117,5.39386642163936,0.893118053683296,1.97468446677432,0.835240169961267,1.97468446677432,0.18071300283073,1.09151487534914,1,0
1602,1.33353143099813,4.06580925910711,3.04890395876452,114.913420759769,0.833264580702348,1.6439874362815,0.75876293806582,0.608277154636827,-0.310456005283365,0.811156704466319,0,1
1605,2.16498170732386,2.67549342010474,1.23580416917791,170.476509818215,0.78163951791403,1.45459046637706,0.702028589926393,1.45459046637706,0.7103912409468,1.4883788649572,1,0
1606,1.63631611143946,3.35152487163029,2.04821357450424,141.540241540916,0.8345809575305,1.14367276957836,0.692448483485729,1.14367276957836,0.4926433418611,1.43075550539052,1,0
1608,1.15243690111915,2.60455019365877,2.26003713620195,39.1008403714439,0.52658347693099,1.09967973184663,0.288402904092923,0.909355670601255,0.0527571692725206,1.04797503104284,1,0
1610,1.53776519003539,1.86780057933574,1.21462014580572,77.649393927754,0.798557391292883,1.24316329417323,0.797456208979208,1.24316329417323,0.29460189586216,1.2369776337855,1,0
1611,1.44334667379573,2.64261112637614,1.83089147905581,5.0567790790308,0.771638813448031,1.75511900047342,0.895920876955939,1.75511900047342,-0.31177232667769,0.822363995493415,0,1
1612,1.4461464089821,1.62976846441281,1.12697335089325,178.568012885086,0.864787576139314,2.88010790741846,0.817480275030363,2.88010790741846,-1.43396149843636,0.502115356600764,0,1
1613,1.47589223427892,2.38243109912782,1.61423106903995,1.33915304405264,0.40251767446233,2.20392132370982,0.34546028018158,2.20392132370982,-0.7280290894309,0.669666479652086,0,1
1614,1.44623089046778,2.92794899039457,2.0245377205624,10.3060230751856,0.671638812403047,1.39035867844244,0.683837724253391,0.719238866563738,0.0558722120253363,1.04018546644951,1,0
1616,2.41988838268266,2.00754955306363,0.829604194734835,139.462658589699,0.654280778868274,1.35593333560093,0.662340434398358,0.737499384183823,1.06395504708173,1.78466619202205,1,0
1618,1.84004265563393,2.34244961982103,1.27304093339837,111.691657256943,0.496039567821515,1.07699870378045,0.491412095585431,1.07699870378045,0.76304395185348,1.708491058694,1,0
1619,1.96750287235493,1.79292165341611,0.911267616738034,1.24572817057185,0.811876342668738,1.05238402627167,0.822553966198286,0.950223468844114,0.915118846083262,1.86956740432986,1,0
1620,2.34838026638183,2.1055675862852,0.896604189886702,28.2554136641787,0.576492407510227,2.32875027582358,0.59786879790656,2.32875027582358,0.0196299905582502,1.00842940986934,1,0
1621,1.08805031054403,1.76553253671784,1.62265707716684,107.698361514331,0.88296147553564,1.63594141169268,0.899550008406029,1.63594141169268,-0.54789110114865,0.665091245179889,0,1
1622,1.59915752298568,3.34422753640477,2.09124335053684,2.55497828248335,0.890035014007029,1.51602746067568,0.915607854749852,1.51602746067568,0.08313006231,1.05483414018962,1,0
1623,2.86736692540242,4.50456157897621,1.57097493839022,155.953890614778,0.668166806259536,1.86069962905251,0.569197897864365,0.53743225633318,1.00666729634991,1.54101547645416,1,0
1635,1.71153060665264,2.77215353964368,1.6196926475451,60.9715804165993,0.735855986475964,1.06845181147651,0.717644692337638,0.935933646476844,0.643078795176129,1.60187908174113,1,0
1641,2.35213501226323,3.25656159464018,1.38451303928626,6.29870099831169,0.724599456470652,2.73823073417704,0.641714223953975,2.73823073417704,-0.38609572191381,0.858998105201734,0,1
1642,1.52210646671751,3.74860189573015,2.46277246545977,0.221481170199866,0.651670329163168,1.15447961778808,0.642856240293507,0.866191125934253,0.367626848929433,1.31843511419785,1,0
1644,1.40074891410811,1.92614641254392,1.37508328091073,119.316787609596,0.571018312054879,1.07158698722469,0.567605786758496,1.07158698722469,0.32916192688342,1.30717238153098,1,0
1645,3.22600537251006,3.27362768720028,1.01476200724773,177.425852028225,0.615041795638972,2.70050313350636,0.613114719246435,2.70050313350636,0.5255022390037,1.19459419709,1,0
1646,1.6606102630967,2.65074237989177,1.59624593367782,69.0626727072926,0.818634907276538,1.09566869244765,0.801750114319044,0.91268465266272,0.56494157064905,1.51561350118256,1,0
1672,1.55860574601907,2.58830715925125,1.66065547099528,12.4693053978283,0.722601856410107,1.33365706585208,0.765657977798864,0.749817944661129,0.224948680166988,1.16867055701704,1,0
1762,1.69918860920046,5.34737940609253,3.14701933448617,29.9426744680341,0.605638456558816,1.79818612780038,0.510167342150103,0.556115957374915,-0.0989975185999206,0.944945900166064,0,1
1792,2.44152679816431,4.03359836739112,1.65208031729319,152.699568593136,0.827063463895449,2.06501614576256,0.798000706792476,2.06501614576256,0.37651065240175,1.18232818817148,1,0
1797,2.14577401118259,3.81655416804458,1.77863752107855,26.9071609784267,0.720476048900385,1.28795485686196,0.697867513724368,1.28795485686196,0.85781915432063,1.666032003956,1,0
1805,1.25030307863223,2.43014181699221,1.94364219245999,62.5334541362474,0.828335292239342,1.16724595117475,0.752063223122941,0.856717471577921,0.0830571274574767,1.07115649223189,1,0
1808,1.37805241921471,1.54212015998651,1.11905769220688,168.879606404656,0.924079083187368,1.31008259390976,0.875734296518639,1.31008259390976,0.0679698253049499,1.0518820917253,1,0
1810,2.56583314145692,2.77868301568271,1.08295546221877,175.395447510086,0.671889103351205,1.04937483553753,0.592587491113597,1.04937483553753,1.51645830591939,2.44510641437538,1,0
1813,2.19564155668758,2.72238924138708,1.23990604618277,36.3907540606233,0.568654863383257,1.43645785133422,0.567487574556936,1.43645785133422,0.75918370535336,1.52851095119026,1,0
1815,1.29344199754751,1.92181160847778,1.485811974655,147.168335061197,0.888504067898695,2.14257728933196,0.910467413473732,2.14257728933196,-0.84913529178445,0.603685105777816,0,1
1816,1.31038600782622,3.02385971570339,2.3076098933013,167.076211042325,0.867722053302974,1.06211613351252,0.84855323090809,1.06211613351252,0.2482698743137,1.23375021476479,1,0
1818,2.57476197223649,4.34879921751552,1.68901019372213,159.040411953762,0.727613159890426,2.4970774104844,0.725093904535277,2.4970774104844,0.0776845617520903,1.03111019363113,1,0
1820,1.22673345268505,4.03610874192136,3.29012690824336,146.573042923506,0.407349133287226,2.32271919507798,0.0776547939886643,2.32271919507798,-1.09598574239293,0.528145397551539,0,1
1821,1.9984423981304,4.92089479492916,2.46236508969826,137.340751230332,0.625732238775738,2.83302864180434,0.606639422976541,2.83302864180434,-0.83458624367394,0.705408469452537,0,1
1822,1.61567205398106,2.39953900367344,1.48516463954484,163.041851887097,0.788667368140949,2.10690698273905,0.768570717298611,2.10690698273905,-0.49123492875799,0.766845459822166,0,1
1826,1.60367454062637,2.19092173488461,1.36618851230804,169.546376027688,0.959576948634937,1.08743039816112,0.930059544588937,1.08743039816112,0.51624414246525,1.47473764145111,1,0
1827,1.28559712566387,3.00536001749576,2.33771525892594,126.597121326054,0.90087039971359,1.70472031053828,0.859376417930874,0.586606491292546,-0.41912318487441,0.754139619101465,0,1
1828,1.78783126627907,2.67842040880473,1.49813937104881,38.7404561567604,0.772458598243126,1.25180473069449,0.703899247500261,0.798846637562398,0.536026535584576,1.42820299559596,1,0
1831,1.83956945846823,4.66931502280439,2.53826513661106,179.041152764881,0.646553775283688,2.46862952895935,0.564873009411646,0.405083058542831,-0.629060070491116,0.74517842263829,0,1
1832,1.61595580617831,3.69893173115064,2.28900550188839,165.514944199597,0.760003383207759,2.99999999530673,0.69044574888084,2.99999999530673,-1.38404418912842,0.53865193623545,0,1
1833,3.54804676364457,4.07661361453975,1.14897403729601,8.86419421011828,0.811483436249943,1.39548945396781,0.809385875844844,0.716594451614587,2.15255730967676,2.54251062489679,1,0
1834,2.03340850499305,3.33581466125603,1.64050393861583,171.110389480005,0.765557305019962,1.11246726831559,0.714858207336965,1.11246726831559,0.92094123667746,1.82783670397051,1,0
1836,2.40683870758453,2.0371330023156,0.846393651513123,173.488375466695,0.843436290444855,1.66682871036637,0.842735068655469,0.599941669939317,0.740009997218157,1.44396283350285,1,0
1839,2.20181390576787,3.56748946626029,1.62025022047272,7.94515242955788,0.744078133320856,1.88288347556953,0.708987026920793,0.531100311291181,0.318930430198336,1.16938405075857,1,0
1840,2.13896301863553,2.37372400061088,1.10975457730219,24.1084304828455,0.650616502993272,1.10505953928469,0.655208638739446,1.10505953928469,1.03390347935084,1.93560884513072,1,0
1841,1.18008769743095,2.85076220412171,2.41572063697285,144.061157424938,0.626268948988844,1.12318885664836,0.711860632247171,1.12318885664836,0.0568988407825899,1.05065830242688,1,0
1842,1.13270184104078,3.00556139157423,2.65344443054192,151.358528054731,0.822201121497915,1.0132151026275,0.523709223960177,1.0132151026275,0.11948673841328,1.11792830377619,1,0
1845,3.63761966013799,2.6401569591681,0.72579247030679,4.48318152144606,0.74903750234634,1.25680001604007,0.765698501171477,0.795671536630629,2.38081964409792,2.89435042465978,1,0
1847,3.19141228019179,2.44511139877172,0.766153409243878,178.282033945205,0.735770419805113,1.8772200642227,0.714287203316437,0.532702595214412,1.31419221596909,1.70007360405731,1,0
1850,1.43537715064271,3.25947706755692,2.27081576859256,173.574115095315,0.795276979311898,1.7391747119623,0.766267026092782,0.574985361230158,-0.303797561319592,0.825320849463813,0,1
1851,1.39831175594154,3.1364500786822,2.243026324677,162.41207592162,0.718039563789495,2.99999999999998,0.45403579357774,2.99999999999998,-1.60168824405844,0.466103918647183,0,1
1852,1.32458540948416,2.22989001903224,1.68346261635226,151.125998792019,0.602982520463831,1.1033136529247,0.5773484427065,0.906360577836742,0.221271756559458,1.20055199713418,1,0
1855,1.66582264148658,2.54945167505227,1.53044604603112,138.756538045546,0.886226988079712,1.76994766283563,0.865681433205296,1.76994766283563,-0.10412502134905,0.941170564793859,0,1
1856,1.64999034391933,3.14926757541822,1.90865818519735,173.949944545201,0.848018070225146,1.05745847873982,0.814897561498347,1.05745847873982,0.59253186517951,1.56033582130396,1,0
1859,1.94443203650233,3.70398034151585,1.90491633134096,87.1857835942536,0.707084463783965,1.04181841753237,0.684576217975423,1.04181841753237,0.90261361896996,1.86638285883626,1,0
1860,1.54263534838391,2.808719103852,1.8207278257914,109.49437929132,0.589091093513407,1.48010916538605,0.57100377692244,0.675625841246089,0.0625261829978552,1.04224430498783,1,0
1861,1.49694972425691,3.17982575109631,2.12420343821152,6.92484951138553,0.767244983644814,1.58246821048112,0.815822973200044,1.58246821048112,-0.08551848622421,0.945958796734242,0,1
1862,2.14682599930864,2.65890706977347,1.23852937808176,28.7251799238882,0.914039661531658,1.23262402530839,0.775217796012332,1.23262402530839,0.91420197400025,1.74167138983968,1,0
1863,1.53761618953219,2.79616427552471,1.81850600595941,2.55733251713517,0.75751011177259,1.18842226396643,0.689730679373359,1.18842226396643,0.34919392556576,1.29382984159208,1,0
1865,1.36585558038575,2.48887602072237,1.82221023691206,122.733410923596,0.593294956342606,1.04932436779007,0.610438896223189,1.04932436779007,0.31653121259568,1.30165239873568,1,0
